Order City,Order State
Oldham,Inglaterra
Cincinnati,Ohio
Cajazeiras,Paraíba
Darmstadt,Hesse
Saharanpur,Uttar Pradesh
Dongguan,Guangdong
Lima,Lima (ciudad)
Jerusalén,Jerusalén
Grigny,Isla de Francia
Masaya,Masaya
Thies Nones,Thiès
Griffith,Nueva Gales del Sur
Tivoli,Lacio
Cochabamba,Cochabamba
Linhares,Espíritu Santo
Adana,Adana
La Paz,La Paz
Amberes,Amberes
Zhaoqing,Guangdong
Cheltenham,Inglaterra
Whyalla,Australia del Sur
Traralgon,Victoria
Torreón,Coahuila
Balti,Balti
Austin,Texas
Eugene,Oregón
Madrid,Madrid
Hurghada,Al Bahr al Ahmar
Wuhan,Hubei
Huangshan,Anhui
Langenfeld,Renania del Norte-Westfalia
Columbus,Ohio
Saskatoon,Saskatchewan
Quincy,Illinois
Santa Clara,Villa Clara
Port Moresby,Capital Nacional
Antiguo Cuscatlán,La Libertad
Laohekou,Hubei
New Bedford,Massachusetts
Messina,Sicilia
Letchworth,Inglaterra
Nacka,Estocolmo
Pasig,Capital Nacional
Bebington,Inglaterra
Jinan,Shandong
Xichang,Sichuan
Takatsuki,Osaka
Bélgorod,Bélgorod
Saint-Ouen,Isla de Francia
Monroe,Luisiana
Dortmund,Renania del Norte-Westfalia
Limeira,São Paulo
Cheliábinsk,Cheliábinsk
Rotterdam,Holanda Meridional
Bagneux,Isla de Francia
Lakeland,Florida
Eunápolis,Bahía
Victoria,Tamaulipas
Cesena,Emilia-Romaña
San Juan de la Maguana,San Juan
Edogawa-ku,Tokio
Caçador,Santa Catarina
Chattanooga,Tennessee
San Pedro Sula,Cortés
San Jose,California
Reutlingen,Baden-Wurtemberg
Genoa,Liguria
Tucson,Arizona
San Cristóbal de Las Casas,Chiapas
Huancayo,Junín
Changchun,Jilin
Sivas,Sivas
Camagüey,Camagüey
Viena,Viena
Maidstone,Inglaterra
Zanyán,Zanyán
Luoyang,Guangdong
Aew?l-li,Jeju
Lafayette,Luisiana
Velletri,Lacio
La Rochelle,Aquitania-Lemosín-Poitou-Charentes
Verona,Véneto
Littlehampton,Inglaterra
Tijuana,Baja California
Kashira,Moscú
Bilbao,País Vasco
Pozzuoli,Campania
Antony,Isla de Francia
Veenendaal,Utrecht
San Pablo de las Salinas,México
Katowice,Silesia
Lafayette,Indiana
Lisbon,Lisboa
Basingstoke,Inglaterra
Seville,Andalucía
Nanterre,Isla de Francia
São Bernardo do Campo,São Paulo
Mechelen,Amberes
Hangu,Tianjin
San Cristóbal,Táchira
Anqing,Anhui
Santo Domingo,Santo Domingo
Siping,Jilin
Garforth,Inglaterra
Oosterhout,Brabante Septentrional
Minneapolis,Minnesota
Mbandaka,Équateur
Benghazi,Bengasi
Kakinada,Andhra Pradesh
Wodonga,Victoria
Newark,Ohio
Guangzhou,Guangdong
Estocolmo,Estocolmo
Irapuato,Guanajuato
Florence,Alabama
Kaduna,Kaduna
Salvador,Bahía
Mudanjiang,Heilongjiang
The Hague,Holanda Meridional
Atlixco,Puebla
Antalya,Antalya
Darton,Inglaterra
Arkhangelsk,Arjánguelsk
Pilar,Alagoas
Pereira,Risaralda
Dorsten,Renania del Norte-Westfalia
Cairns,Queensland
Shanwei,Guangdong
Tel Aviv,Tel Aviv
Taupo,Waikato
Kabul,Kabul
Avignon,Provenza-Alpes-Costa Azul
Wagga Wagga,Nueva Gales del Sur
Denpasar,Bali
Palma Soriano,Santiago de Cuba
Bourgoin-Jallieu,Auvernia-Ródano-Alpes
Erfurt,Turingia
Yopal,Casanare
Juiz de Fora,Minas Gerais
Sandakan,Sabah
Kalyan,Maharashtra
Albuquerque,Nuevo México
Buenos Aires,Buenos Aires
Barcelona,Cataluña
Wad Madani,Gezira
Noblesville,Indiana
El Limón,Aragua
Poza Rica de Hidalgo,Veracruz
Xintai,Shandong
Marikina,Capital Nacional
Port Elizabeth,Cabo Oriental
Bendigo,Victoria
Sterlitamak,Bashkortostán
Toulouse,Languedoc-Rosellón-Mediodía-Pirineos
Minna,Níger
Yazd,Yazd
Ludhiana,Punyab
Eindhoven,Brabante Septentrional
Estambul,Estambul
Shinyanga,Shinyanga
Namangán,Namangán
Pamplona,Navarra
Arles,Provenza-Alpes-Costa Azul
Villejuif,Isla de Francia
Lake Elsinore,California
Casablanca,Gran Casablanca
Maceió,Alagoas
Balikpapan,Kalimantan Oriental
Matagalpa,Matagalpa
Taixing,Jiangsu
Le Creusot,Borgoña-Franco Condado
Marly-le-Roi,Isla de Francia
Mesquite,Texas
Palmira,Valle del Cauca
Pensacola,Florida
Ottawa,Ontario
Daegu,Daegu
Tamworth,Nueva Gales del Sur
Monza,Lombardía
Trier,Renania-Palatinado
Vigneux-sur-Seine,Isla de Francia
Clamart,Isla de Francia
Nanchang,Jiangxi
Heerlen,Limburgo
General Escobedo,Nuevo León
Jiangmen,Guangdong
Kokshetau,Akmola
Troy,Nueva York
Lagos,Lagos
Parintins,Amazonas
Lianzhou,Guangdong
Springfield,Virginia
Bijapur,Karnataka
Laghouat,Laghouat
Amsterdam,Holanda Septentrional
Neuilly-sur-Seine,Isla de Francia
Bhilai,Chhattisgarh
Valenzuela,Capital Nacional
Samarinda,Kalimantan Oriental
Florence,Toscana
Jacksonville,Carolina del Norte
Valdemoro,Madrid
El Progreso,Yoro
Recife,Pernambuco
Lanxi,Zhejiang
Givors,Auvernia-Ródano-Alpes
Loures,Lisboa
Bangkok,Bangkok
Peterborough,Inglaterra
Villa Canales,Guatemala
Ranchi,Jharkhand
Pantin,Isla de Francia
Limoeiro do Norte,Ceará
Osijek,Osjecko-Baranjska
Redwood City,California
Gelsenkirchen,Renania del Norte-Westfalia
Cúcuta,Norte de Santander
Portmore,Santa Caterina
Kendari,Célebes Suroriental
Astaná,Astaná
Espoo,Uusimaa
Freiburg,Baden-Wurtemberg
Mamak,Ankara
Devonport,Tasmania
Lawrence,Massachusetts
Olivet,Centro-Valle de Loira
Santo Domingo de los Colorados,Pichincha
Armenia,Quindío
Las Pinas,Capital Nacional
Mashhad,Jorasán Razaví
Amman,Amán
Oak Park,Illinois
Louisville,Colorado
Raipur,Rajastán
Agrigento,Sicilia
Porirua,Wellington
Ikot Ekpene,Akwa Ibom
Huehuetenango,Huehuetenango
Leeds,Inglaterra
Meyzieu,Auvernia-Ródano-Alpes
Makati,Capital Nacional
Belgaum,Karnataka
Bihar Sharif,Bihar
Denizli,Denizli
Nicoya,Guanacaste
Progreso,Yucatán
Ravenna,Emilia-Romaña
Rimini,Emilia-Romaña
Sakaka,Al Jawf
Nzerekore,Nzérékoré
Aurangabad,Maharashtra
Nha Trang,Khánh Hòa
Kitchener,Ontario
Antananarivo,Analamanga
Juárez,Chihuahua
Valencia,Carabobo
Kathmandu,Central
Brive-la-Gaillarde,Aquitania-Lemosín-Poitou-Charentes
Umuarama,Paraná
Targu Mures,Mures
Guilin,Guangxi
Doncaster,Inglaterra
Siegen,Renania del Norte-Westfalia
Rotherham,Inglaterra
Corlu,Tekirdag
Cosenza,Calabria
Zagreb,Grad Zagreb
Nowra,Nueva Gales del Sur
Teresina,Piauí
Sabanalarga,Atlántico
Tauranga,Bay of Plenty
Handan,Hebei
Everett,Washington
Guaymas,Sonora
Fareham,Inglaterra
Sesto San Giovanni,Lombardía
Sarcelles,Isla de Francia
Basildon,Inglaterra
Alexandria,Virginia
Redlands,California
Malayer,Hamadán
Fukuyama,Hiroshima
Raleigh,Carolina del Norte
Bayeux,Paraíba
Sannois,Isla de Francia
Mar del Plata,Buenos Aires (provincia)
Delhi,Delhi
Weifang,Shandong
Banska Bystrica,Banská Bystrica
Ad Diwem,Nilo Blanco
Chelles,Isla de Francia
Trapani,Sicilia
Detroit,Michigan
Obregón,Sonora
Mount Gambier,Australia del Sur
Praia Grande,São Paulo
Whangarei,Northland
Muskogee,Oklahoma
Kumasi,Ashanti
Cipolletti,Río Negro
Butare,Meridional
Yaroslavl,Yaroslavl
Rio Branco,Acre
Afragola,Campania
Burgos,Castilla y León
Saint-Germain-en-Laye,Isla de Francia
Fushun,Liaoning
Resende,Río de Janeiro
Huaibei,Anhui
Villa Frontera,Coahuila
Manaus,Amazonas
Amravati,Maharashtra
Talavera de la Reina,Castilla-La Mancha
Montreuil,Isla de Francia
Galati,Galati
Vicenza,Véneto
Dire Dawa,Dire Dawa
Suzhou,Jiangsu
Dijon,Borgoña-Franco Condado
Carrara,Toscana
Harbin,Heilongjiang
Gaspar,Santa Catarina
Long Beach,California
La Crosse,Wisconsin
Vallejo,California
Indaial,Santa Catarina
Lincoln,Inglaterra
Sumy,Sumy
Qarshi,Kashkadar
Avellaneda,Santa Fe
Conway,Arkansas
San Bernardino,California
Bloomington,Illinois
David,Chiriquí
Seraing,Lieja
Harrow,Inglaterra
Termez,Surjandarín
Saanich,Columbia británica
San Rafael,Mendoza
Karagandá,Karagandá
Erzurum,Erzurum
Kingswood,Inglaterra
Texas City,Texas
Rajkot,Guyarat
Abakaliki,Ebonyi
La Baule-Escoublac,Países del Loira
Aberdeen,Escocia
Birigui,São Paulo
Las Vegas,Nevada
Gongzhuling,Jilin
Valinhos,São Paulo
Arapiraca,Alagoas
Tieling,Liaoning
Orlando,Florida
Guadalajara,Castilla-La Mancha
Pembroke Pines,Florida
Everett,Massachusetts
Dalian,Liaoning
Tulsa,Oklahoma
Newport News,Virginia
Harrisonburg,Virginia
Mossoró,Río Grande del Norte
Spanish Town,Santa Caterina
Lakewood,Ohio
Ulhasnagar,Maharashtra
Brindisi,Apulia
Probolinggo,Java Oriental
Gujranwala,Punyab
Doetinchem,Güeldres
Toluca,México
Zwolle,Overijssel
Florence,Kentucky
Sari,Mazandarán
Trenton,Michigan
Jambi,Jambi
Saint-Quentin,Norte-Paso de Calais-Picardía
Jacobina,Bahía
Luoyang,Henan
Quchan,Jorasán Razaví
Hapur,Uttar Pradesh
Chihuahua,Chihuahua
Yogyakarta,Yogyakarta
Jiutai,Jilin
Courbevoie,Isla de Francia
Ploiesti,Prahova
Fayún,Fayún
Dundee,Escocia
Delgado,San Salvador
Aligarh,Uttar Pradesh
Lianyuan,Hunan
Santiago de Chile,Santiago de Chile
Erftstadt,Renania del Norte-Westfalia
Cambridge,Inglaterra
San Galo,San Galo
Frisco,Texas
Soyapango,San Salvador
Tupã,São Paulo
Apopka,Florida
Moncalieri,Piamonte
Macapá,Amapá
Coffs Harbour,Nueva Gales del Sur
Badalona,Cataluña
Essen,Renania del Norte-Westfalia
Bologna,Emilia-Romaña
Tarbes,Languedoc-Rosellón-Mediodía-Pirineos
Saint-Michel-sur-Orge,Isla de Francia
Englewood,Colorado
Saint Paul,Minnesota
Bhubaneswar,Odisha
El Jadida,Dukala-Abda
Fremont,Nebraska
Satu Mare,Satu Mare
Hobart,Tasmania
Nelson,Nelson
Bacau,Bacau
Akron,Ohio
Barra Mansa,Río de Janeiro
Sukabumi,Java Occidental
Morón,Ciego de Ávila
Saga,Saga
Allahabad,Uttar Pradesh
Markham,Ontario
Gold Coast,Queensland
Puno,Puno
Richmond,Kentucky
Rome,Nueva York
Bom Jesus da Lapa,Bahía
Napier,Hawke's Bay
Norderstedt,Schleswig-Holstein
Niort,Aquitania-Lemosín-Poitou-Charentes
Reggio nell'Emilia,Emilia-Romaña
Blagoveshchensk,Amur
Opole,Opole
Oruro,Oruro
Pontes e Lacerda,Mato Grosso
Mexicali,Baja California
Bolingbrook,Illinois
Estepona,Andalucía
Maidenhead,Inglaterra
Praga,Praga
Bradford,Inglaterra
Tartagal,Salta
Carpi,Emilia-Romaña
Louisville,Kentucky
Columbia,Maryland
San Nicolás de los Arroyos,Buenos Aires (provincia)
Quimper,Bretaña
Wadi as Sir,Amán
Rochester,Minnesota
Hanover,Baja Sajonia
Zhuhai,Guangdong
Kwinana,Australia Occidental
Ivanovo,Ivanovo
Nishinomiya,Hyogo
Pontianak,Borneo Occidental
Jataí,Goiás
Kolhapur,Maharashtra
Tempe,Arizona
Fes,Fez-Bulmán
Mont-Saint-Aignan,Normandía
Leicester,Inglaterra
Wuppertal,Renania del Norte-Westfalia
Mosul,Nínive
Les Pavillons-sous-Bois,Isla de Francia
Wilmington,Carolina del Norte
Hyderabad,Sind
Apodaca,Nuevo León
Chifeng,Mongolia Interior
East Point,Georgia
Sanya,Hainan
Warri,Delta
Lome,Marítima
Vichy,Auvernia
Bornova,Izmir
Cainta,Calabarzón
Nom Pen,Nom Pen
Surakarta,Java Central
Stellenbosch,Cabo Occidental
Soma,Manisa
Little Rock,Arkansas
Itaúna,Minas Gerais
Al Hufuf,Ash Sharqiyah
Jinjiang,Fujian
Lviv,Lviv
Alphen aan den Rijn,Holanda Meridional
Bundaberg,Queensland
Hanoi,Th? Dô Hà N?i
Getafe,Madrid
Mianyang,Sichuan
Fortaleza,Ceará
Tilburg,Brabante Septentrional
Avellino,Campania
Ceyhan,Adana
Santa Ana,California
Thonon-les-Bains,Auvernia-Ródano-Alpes
Runcorn,Inglaterra
Bekasi,Java Occidental
Bhavnagar,Guyarat
Mont-de-Marsan,Aquitania-Lemosín-Poitou-Charentes
Dormagen,Renania del Norte-Westfalia
Heroica Zitácuaro,Michoacán
Gómel,Gómel
Kowloon,Hong Kong
Bezerros,Pernambuco
Fort Lauderdale,Florida
Benevento,Campania
Ndola,Copperbelt
Kartal,Estambul
Brest,Bretaña
Karlstad,Värmland
Miguel Hidalgo,Distrito Federal
Gonaïves,Artibonito
Neuilly-sur-Marne,Isla de Francia
Krefeld,Renania del Norte-Westfalia
Jining,Mongolia Interior
Qom,Qom
Registro,São Paulo
Moreno Valley,California
Mykolayiv,Mykolayiv
Vilna,Vilna
Aschaffenburg,Bavaria
Mwanza,Mwanza
Watertown,Nueva York
Coacalco,México
Parma,Emilia-Romaña
Mougins,Provenza-Alpes-Costa Azul
Villenave-d'Ornon,Aquitania-Lemosín-Poitou-Charentes
Akhisar,Manisa
Santa Cruz de Barahona,Barahona
Hamilton,Waikato
Guarapuava,Paraná
Araçatuba,São Paulo
Silao,Guanajuato
North Las Vegas,Nevada
Mumbai,Maharashtra
Xuzhou,Jiangsu
Versailles,Isla de Francia
North York,Ontario
Yangjiang,Guangdong
Fayetteville,Carolina del Norte
Los Mochis,Sinaloa
Paraná,Entre Ríos
Cajamarca,Cajamarca
Cork,Cork
Waco,Texas
Zapopan,Jalisco
Dublín,Dublín
Six-Fours-les-Plages,Provenza-Alpes-Costa Azul
Sunderland,Inglaterra
Santana de Parnaíba,São Paulo
Swansea,Gales
Bayonne,Aquitania-Lemosín-Poitou-Charentes
Vínnytsia,Vínnytsia
Montenegro,Quindío
Kunming,Yunnan
Qitaihe,Heilongjiang
Grand Prairie,Texas
Tlaquepaque,Jalisco
Mazyr,Gómel
Lida,Grodno
Gien,Centro-Valle de Loira
Querétaro,Querétaro
Sorocaba,São Paulo
Redditch,Inglaterra
Verdun,Alsacia-Champaña-Ardenas-Lorena
Zahedan,Sistán y Baluchistán
Hamar,Hedmark
Springfield,Ohio
Rohtak,Haryana
Kulob,Khatlon
Asunción,Asunción
Tallaght,Dublín del Sur
La Ceiba,Atlántida
Temirtau,Karagandá
Wolverhampton,Inglaterra
Pitalito,Huila
Hermosillo,Sonora
San Sebastian,País Vasco
Derby,Inglaterra
Springfield,Misuri
Santa Ana,Santa Ana
Igarassu,Pernambuco
Reus,Cataluña
Lokossa,Mono
Kitwe,Copperbelt
Altamura,Apulia
Castres,Languedoc-Rosellón-Mediodía-Pirineos
Visakhapatnam,Andhra Pradesh
Poltava,Poltava
Hempstead,Nueva York
Suihua,Heilongjiang
Escuintla,Escuintla
Tiruchchirappalli,Tamil Nadu
Ganganagar,Rajastán
Vannes,Bretaña
Darwin,Territorio del Norte
Langen,Baja Sajonia
Medina,Ohio
Kremenchuk,Poltava
Acireale,Sicilia
Jamnagar,Guyarat
Gorakhpur,Haryana
Gladbeck,Renania del Norte-Westfalia
Westfield,Nueva Jersey
Maxixe,Inhambane
Euskirchen,Renania del Norte-Westfalia
Monroe,Carolina del Norte
Ratingen,Renania del Norte-Westfalia
Puerto La Cruz,Anzoátegui
Blackpool,Inglaterra
Srinagar,Jammu y Cachemira
Bobigny,Isla de Francia
Durg,Chhattisgarh
Tamale,Septentrional
Spokane,Washington
Chaozhou,Guangdong
Noisy-le-Sec,Isla de Francia
Cotonou,Littoral
Torrevieja,Valenciana
Kotka,Kymenlaakso
Harare,Harare
Rabat,Rabat-Salé-Zemur-Zaer
Tlalnepantla,México
Malanje,Malanje
Offenburg,Baden-Wurtemberg
Lora del Río,Andalucía
Xinzhou,Hubei
Shenyang,Liaoning
Porto,Porto
Quetzaltenango,Quezaltenango
Foggia,Apulia
Melilla,Melilla
Wichita,Kansas
Santa Rosa,Rio Grande do Sul
Domont,Isla de Francia
Ibadan,Oyo
Blenheim,Marlborough
Ichikawa,Chiba
Hesperia,California
Borujerd,Lorestan
Cologne,Renania del Norte-Westfalia
Kediri,Java Oriental
Carcassonne,Languedoc-Rosellón-Mediodía-Pirineos
Ponte Nova,Minas Gerais
Managua,Managua
Bry-sur-Marne,Isla de Francia
Glasgow,Escocia
Parker,Colorado
Solingen,Renania del Norte-Westfalia
Nigde,Nigde
Córdoba,Córdoba
Enugu,Enugu
Lusaka,Lusaka
Karnal,Haryana
Villeneuve-le-Roi,Isla de Francia
Albury,Nueva Gales del Sur
Frankfurt,Hesse
Jackson,Michigan
Neiva,Huila
Surat,Guyarat
Cormeilles-en-Parisis,Isla de Francia
Santo André,São Paulo
Miass,Cheliábinsk
Barueri,São Paulo
Newcastle,Nueva Gales del Sur
Kano,Kano
Lugansk,Lugansk
Le Chesnay,Isla de Francia
Ajaccio,Corse
Ronchin,Norte-Paso de Calais-Picardía
Thiruvananthapuram,Kerala
Radom,Mazovia
Consolación del Sur,Pinar del Río
Kozhikode,Kerala
Murfreesboro,Tennessee
Springfield,Oregón
Remscheid,Renania del Norte-Westfalia
Gloucester,Inglaterra
Fayetteville,Arkansas
La Mesa,California
Fairfield,Connecticut
Emmen,Drenthe
Changzhou,Jiangsu
Orán,Orán
Acuña,Coahuila
Donets'k,Donetsk
Nice,Provenza-Alpes-Costa Azul
Vadodara,Guyarat
Dallas,Texas
Saint-Denis,Isla de Francia
Cabo Frio,Río de Janeiro
Katsina,Katsina
Esbjerg,Dinamarca Meridional
Namibe,Namibe
Murray Bridge,Australia del Sur
Mexico City,Distrito Federal
Peoria,Arizona
Bandung,Java Occidental
Wiesbaden,Hesse
Basra,Basora
Solihull,Inglaterra
Ufa,Bashkortostán
Solna,Estocolmo
Porto Alegre,Rio Grande do Sul
Palmerston North,Manawatu-Wanganui
Firozabad,Uttar Pradesh
Launceston,Tasmania
Tangier,Tánger-Tetuán
Bournemouth,Inglaterra
Nanyang,Henan
Cancún,Quintana Roo
Sohag,Suhaj
Dhule,Maharashtra
Nantes,Países del Loira
Petapa,Guatemala
Villa Nueva,Guatemala
Fuenlabrada,Madrid
Kawasaki,Kanagawa
Castelldefels,Cataluña
Ciudad del Carmen,Campeche
Faridabad,Haryana
Perpignan,Languedoc-Rosellón-Mediodía-Pirineos
Rosario,Santa Fe
Covington,Washington
Guaratinguetá,São Paulo
Bareilly,Uttar Pradesh
Perugia,Umbría
Philadelphia,Pensilvania
Astracán,Astracán
Crewe,Inglaterra
Liberec,Liberec
Sukkur,Sind
Durham,Carolina del Norte
Hayange,Alsacia-Champaña-Ardenas-Lorena
Córdoba,Veracruz
Caloundra,Queensland
Brandenburgo,Brandenburgo
Bognor Regis,Inglaterra
Champigny-sur-Marne,Isla de Francia
Pisa,Toscana
Naumburg,Sajonia-Anhalt
Sancti Spíritus,Sancti Spíritus
Homs,Hims
Padang,Sumatra Occidental
Levallois-Perret,Isla de Francia
Chimbote,Ancash
Chimaltenango,Chimaltenango
Reims,Alsacia-Champaña-Ardenas-Lorena
Gronau,Renania del Norte-Westfalia
Piacenza,Emilia-Romaña
Xiaogan,Hubei
Naples,Campania
Wilson,Carolina del Norte
Troy,Ohio
Hubli,Karnataka
Genk,Limburgo
Gdansk,Pomerania
Dnipropetrovsk,Dnipropetrovsk
Brest,Brest
Tulancingo,Hidalgo
Simões Filho,Bahía
Sonsonate,Sonsonate
Piura,Piura
Potchefstroom,Noroeste
Suzhou,Anhui
Heyuan,Guangdong
Saveh,Markazí
Chengdu,Sichuan
Mérida,Yucatán
Katoomba,Nueva Gales del Sur
Pavlodar,Pavlodar
Briansk,Briansk
Granada,Andalucía
Conflans-Sainte-Honorine,Isla de Francia
Elx,Valenciana
Rillieux-la-Pape,Auvernia-Ródano-Alpes
Dresden,Sajonia
San Luis Río Colorado,Sonora
Burlington,Carolina del Norte
Pontault-Combault,Isla de Francia
Melbourne,Victoria
Americana,São Paulo
Ipoh,Perak
Northampton,Inglaterra
Ginebra,Ginebra
Ji-Paraná,Rondônia
Jerez de la Frontera,Andalucía
Jartum,Jartum
Abu Kabir,Ash Sharqiyah
Stuttgart,Baden-Wurtemberg
Le Bouscat,Aquitania-Lemosín-Poitou-Charentes
Aix-en-Provence,Provenza-Alpes-Costa Azul
Gallarate,Lombardía
Newark,Delaware
Emden,Baja Sajonia
Paita,Piura
Lens,Norte-Paso de Calais-Picardía
Portsmouth,Inglaterra
Monrovia,Montserrado
Maiduguri,Borno
Nagpur,Maharashtra
Pamiers,Languedoc-Rosellón-Mediodía-Pirineos
Ulm,Baden-Wurtemberg
Recklinghausen,Renania del Norte-Westfalia
Issy-les-Moulineaux,Isla de Francia
Vladímir,Vladímir
Lorca,Murcia
Gurupi,Tocantins
eMbalenhle,Mpumalanga
San Miguelito,Panamá
Ixtapaluca,México
Baoding,Hebei
Rambouillet,Isla de Francia
Mount Isa,Queensland
Winterthur,Zúrich
Chesapeake,Virginia
Dumai,Riau
Edinburgh,Escocia
Raipur,Chhattisgarh
Mauá,São Paulo
Heilbronn,Baden-Wurtemberg
Maisons-Alfort,Isla de Francia
Huntsville,Alabama
Iguala,Guerrero
San Fernando,Andalucía
Chandigarh,Chandigarh
Colombes,Isla de Francia
Tianjin,Tianjin
Dunedin,Otago
Kerman,Kerman
Sheffield,Inglaterra
Bolton,Inglaterra
Round Rock,Texas
Maltepe,Estambul
Cournon-d'Auvergne,Auvernia
Portici,Campania
Marseille,Provenza-Alpes-Costa Azul
Rostock,Mecklemburgo-Pomerania Occidental
Creil,Norte-Paso de Calais-Picardía
Ribeirão Preto,São Paulo
Southaven,Misisipi
Villiers-sur-Marne,Isla de Francia
Draguignan,Provenza-Alpes-Costa Azul
Maputo,Cidade De Maputo
Guanajuato,Guanajuato
Bengkulu,Bengkulu
Irving,Texas
Cuscatancingo,San Salvador
Sofia,Sofía-Ciudad
Al Muharraq,Muharraq
Albany,Australia Occidental
Clarksville,Tennessee
Puerto Montt,Los Lagos
Novo Gama,Goiás
Vancouver,Washington
Haltom City,Texas
Xianning,Hubei
Hargeysa,Gobolka Woqooyi Galbeed
Yakarta,Yakarta
Halifax,Inglaterra
Asahikawa,Hokkaido
Derbent,Daguestán
La Teste-de-Buch,Aquitania-Lemosín-Poitou-Charentes
Culiacán,Sinaloa
Tiflis,Tiflis
Busan,Busan
Turgutlu,Manisa
Cankaya,Ankara
Shanghái,Shanghái
Lowestoft,Inglaterra
Las Rozas de Madrid,Madrid
Wigan,Inglaterra
Clichy-sous-Bois,Isla de Francia
Chicago,Illinois
Bucaramanga,Santander
Les Clayes-sous-Bois,Isla de Francia
Boynton Beach,Florida
Singapur,Singapur
Bur Sudan,Mar Rojo
Annaba,Annaba
Ayacucho,Ayacucho
Yuci,Shanxi
Solapur,Maharashtra
Dniprodzerzhyns'k,Dnipropetrovsk
Oceanside,Nueva York
Lyon,Auvernia-Ródano-Alpes
Capua,Campania
Jizán,Jizán
Reynosa,Tamaulipas
Aurora,Colorado
Montréal,Quebec
Kütahya,Kütahya
Rockhampton,Queensland
Baguio City,Cordillera
Decatur,Illinois
Tallahassee,Florida
Mendoza,Mendoza
Baní,Peravia
Puerto Vallarta,Jalisco
Queanbeyan,Nueva Gales del Sur
Edinburg,Texas
Avondale,Arizona
Plano,Texas
Cirebon,Java Occidental
Guadalajara,Jalisco
Fuji,Shizuoka
Ichalkaranji,Maharashtra
Bahawalpur,Punyab
Djougou,Donga
Santa Fe,Santa Fe
Warangal,Telangana
Ponferrada,Castilla y León
Boulogne-Billancourt,Isla de Francia
Tangshan,Hebei
Kolwezi,Katanga
Edmonds,Washington
Dos Quebradas,Risaralda
Nueva Gerona,Isla de la Juventud
Quito,Pichincha
Aylesbury,Inglaterra
Ahvaz,Juzestán
Gothenburg,Västra Götaland
Sacramento,California
Providence,Rhode Island
Palaiseau,Isla de Francia
Eskisehir,Eskisehir
Constantina,Constantina
Ingolstadt,Bavaria
Cienfuegos,Cienfuegos
Apeldoorn,Güeldres
Richmond,Virginia
Chitungwiza,Harare
Ouagadougou,Centro
Bagcilar,Estambul
Drancy,Isla de Francia
Tepic,Nayarit
Livingstone,Meridional
Joinville,Santa Catarina
Noisy-le-Grand,Isla de Francia
Jixi,Heilongjiang
Presidente Dutra,Marañón
Yichun,Jiangxi
Aprilia,Lacio
Salzburgo,Salzburgo
Varna,Varna
Matsubara,Oita
Langen,Hesse
Jonesboro,Arkansas
Mesa,Arizona
Bytom,Silesia
Meknes,Mequinez-Tafilalet
Ocotlán,Jalisco
Argenteuil,Isla de Francia
Henderson,Kentucky
Depok,Java Occidental
La Vega,La Vega
San Pedro de Macorís,San Pedro de Macorís
Medan,Sumatra Septentrional
Utrecht,Utrecht
Guarulhos,São Paulo
Gennevilliers,Isla de Francia
Magnitogorsk,Cheliábinsk
Amadora,Lisboa
Doha,Doha
Kanpur,Uttar Pradesh
Sevran,Isla de Francia
Zwickau,Sajonia
Mons-en-Baroeul,Norte-Paso de Calais-Picardía
Puteaux,Isla de Francia
Maringá,Paraná
Kastamonu,Kastamonu
Valparaíso,Valparaíso
Dublín,Ohio
Cleveland,Ohio
Tipitapa,Managua
Oakland,California
Annecy,Auvernia-Ródano-Alpes
Preston,Inglaterra
Aubervilliers,Isla de Francia
Omaha,Nebraska
Huddersfield,Inglaterra
Daejeon,Daejeon
Chapecó,Santa Catarina
Arraiján,Panamá
Worms,Renania-Palatinado
Kaiyuan,Liaoning
Ajman,Ajmán
Ghent,Flanders Oriental
Linz,Alta Austria
Valles,San Luis Potosí
Zihuatanejo,Guerrero
Mangalore,Karnataka
Nanchong,Sichuan
Nellore,Andhra Pradesh
Lodz,Lodz
Blumenau,Santa Catarina
Almaty,Ciudad de Almatý
Gorakhpur,Uttar Pradesh
Camaçari,Bahía
Kermanshah,Kermanshah
Annemasse,Auvernia-Ródano-Alpes
Indianapolis,Indiana
Armidale,Nueva Gales del Sur
Odessa,Texas
Keren,Anseba
Arauca,Arauca
Cachan,Isla de Francia
San Andrés Tuxtla,Veracruz
Likasi,Katanga
Brisbane,Queensland
Mandurah,Australia Occidental
Pasco,Washington
Eastbourne,Inglaterra
Las Tunas,Las Tunas
Abidjan,Lagunes
Le Mans,Países del Loira
Loughborough,Inglaterra
Kuala Lumpur,Kuala Lumpur
New Albany,Indiana
Bhatinda,Punyab
Smyrna,Tennessee
Niamey,Niamey
Serra,Espíritu Santo
Pekín,Pekín
Fukui,Fukui
Lowell,Massachusetts
Edea,Littoral
Araguaína,Tocantins
Menden,Renania del Norte-Westfalia
Yiwu,Zhejiang
Shantou,Guangdong
Alexandria,Alejandría
Panama City,Panamá
Bergheim,Renania del Norte-Westfalia
Bandar Abbas,Hormozgán
Santa Catarina,Nuevo León
São Benedito,Ceará
Guantánamo,Guantánamo
Uvarovo,Tambov
Cagliari,Cerdeña
Venice,Véneto
Athis-Mons,Isla de Francia
Taizhou,Jiangsu
Atsugacho,Hokkaido
Chester,Pensilvania
Matanzas,Matanzas
Kuching,Sarawak
San Luis Potosí,San Luis Potosí
Antakya,Hatay
Albi,Languedoc-Rosellón-Mediodía-Pirineos
Panihati,Bengala Occidental
Salt Lake City,Utah
Villahermosa,Tabasco
Acerra,Campania
Cartago,Valle del Cauca
Teresópolis,Río de Janeiro
Mardan,Jaiber Pajtunjuá
Fontenay-aux-Roses,Isla de Francia
Nieuwegein,Utrecht
Argentan,Normandía
Villeneuve-d'Ascq,Norte-Paso de Calais-Picardía
Meerut,Uttar Pradesh
Tecomán,Colima
Glenview,Illinois
Montpellier,Languedoc-Rosellón-Mediodía-Pirineos
Khmelnytskyi,Khmelnytskyi
Izmir,Izmir
London,Ontario
Mainz,Renania-Palatinado
Fontaine,Auvernia-Ródano-Alpes
Ad Diwaniyah,Cadisia
Wuchuan,Guangdong
Itaituba,Pará
Binzhou,Shandong
Sucy-en-Brie,Isla de Francia
Rio Rancho,Nuevo México
Puebla,Puebla
Henderson,Nevada
Colima,Colima
Barreirinhas,Marañón
Apatzingán de la Constitución,Michoacán
Fresno,California
Malang,Java Oriental
Caen,Normandía
Grand Rapids,Michigan
Zhanjiang,Guangdong
Anápolis,Goiás
João Pessoa,Paraíba
Clermont-Ferrand,Auvernia
Dos Hermanas,Andalucía
Cotia,São Paulo
Gagnoa,Fromager
Friedrichshafen,Baden-Wurtemberg
Douarnenez,Bretaña
Jalalabad,Nangarhar
Benxi,Liaoning
Turmero,Aragua
Trinidad,El Beni
Rhondda,Gales
Los Angeles,California
Nuremberg,Bavaria
Tongchuan,Shaanxi
Kalemie,Katanga
Wetzlar,Hesse
Dreux,Centro-Valle de Loira
Posadas,Misiones
Gwalior,Madhya Pradesh
Kulti,Bengala Occidental
Passo Fundo,Rio Grande do Sul
Jamundí,Valle del Cauca
Invercargill,Southland
Pescara,Abruzos
Makhachkala,Daguestán
Chennai,Tamil Nadu
Lubumbashi,Katanga
Baotou,Mongolia Interior
Pematangsiantar,Sumatra Septentrional
Baku,Baki
Paysandú,Paysandú
Kerpen,Renania del Norte-Westfalia
Torre del Greco,Campania
Kismaayo,Jubbada Hoose
Moca,Espaillat
Turkmenabat,Lebap
Santa Clara,California
Leuven,Brabante Flamenco
Valle de La Pascua,Guárico
Girona,Cataluña
Pirapora,Minas Gerais
Odense,Dinamarca Meridional
Imphal,Manipur
Santa Cruz de la Sierra,Santa Cruz
Longview,Washington
Tlalpan,Distrito Federal
Arnhem,Güeldres
Bari,Apulia
Tarragona,Cataluña
Yingcheng,Hubei
Arbil,Arbil
Tampa,Florida
Ramnicu Valcea,Vâlcea
Manzanillo,Granma
Barquisimeto,Lara
Klaip?da,Klaip?da
Chaoyang,Liaoning
Villach,Carintia
Iquique,Tarapacá
Teherán,Teherán
Los Patios,Norte de Santander
Augsburg,Bavaria
Lohne,Baja Sajonia
Xinyi,Guangdong
Surubim,Pernambuco
Guacara,Carabobo
Pasadena,Texas
Colmar,Alsacia-Champaña-Ardenas-Lorena
Vincennes,Isla de Francia
Kuala Terengganu,Trengganu
Ilhéus,Bahía
Metz,Alsacia-Champaña-Ardenas-Lorena
Itu,São Paulo
Águas Lindas de Goiás,Goiás
Kiel,Schleswig-Holstein
Muret,Languedoc-Rosellón-Mediodía-Pirineos
Cerignola,Apulia
San Antonio,Texas
Aligudarz,Lorestan
Barranquilla,Atlántico
Viña del Mar,Valparaíso
Kuito,Bié
Tegal,Java Central
Menton,Provenza-Alpes-Costa Azul
Novara,Piamonte
Fort Worth,Texas
Ivry-sur-Seine,Isla de Francia
Yunyang,Henan
Granada,Granada
Xiamen,Fujian
Zhumadian,Henan
Apopa,San Salvador
Mogadishu,Benadir
Zaria,Kaduna
Chaumont,Alsacia-Champaña-Ardenas-Lorena
Mansfield,Inglaterra
Gómez Palacio,Durango
Antofagasta,Antofagasta
Marietta,Georgia
Inglewood,California
Charleroi,Henao
Bochum,Renania del Norte-Westfalia
Velbert,Renania del Norte-Westfalia
Horlivka,Donetsk
Canoas,Rio Grande do Sul
Guzmán,Jalisco
Orizaba,Veracruz
Manchester,Inglaterra
Yangzhou,Jiangsu
Licheng,Jiangsu
Lambaré,Central
Winnipeg,Manitoba
Bursa,Bursa
Cagnes-sur-Mer,Provenza-Alpes-Costa Azul
Mantes-la-Jolie,Isla de Francia
Guasave,Sinaloa
Resistencia,Chaco
Jiaozuo,Henan
Tiruppur,Tamil Nadu
Quelimane,Zambezia
Cuernavaca,Morelos
Taizz,Taiz
Tours,Centro-Valle de Loira
Heidelberg,Baden-Wurtemberg
Agra,Uttar Pradesh
Redmond,Oregón
Shangqiu,Henan
Varanasi,Uttar Pradesh
Guiyang,Guizhou
Gateshead,Inglaterra
Birmingham,Inglaterra
Nairobi,Nairobi
San Justo,Santa Fe
Berne,Berna
Lisichansk,Lugansk
Kingston,Ontario
San Francisco,California
Seattle,Washington
Jacksonville,Florida
Saltillo,Coahuila
Shulan,Jilin
Rijeka,Primorje-Gorski Kotar
Anjo,Aichi
Colombo,Occidental
Sylhet,Sylhet
Ashdod,Meridional
São Miguel dos Campos,Alagoas
Bogotá,Bogotá
New Plymouth,Taranaki
Herten,Renania del Norte-Westfalia
Zurich,Zúrich
Buffalo,Nueva York
Medellín,Antioquía
Laiyang,Shandong
Columbia,Carolina del Sur
Tehuacán,Puebla
Regina,Saskatchewan
Auch,Languedoc-Rosellón-Mediodía-Pirineos
Ruda Slaska,Silesia
Xinzhou,Shanxi
Járkov,Járkov
San Diego,California
Guidonia Montecelio,Lacio
Cuiabá,Mato Grosso
Mobile,Alabama
Bengbu,Anhui
São Paulo,São Paulo
Houston,Texas
Marrakech,Marrakech-Tensift-Al Hauz
Rennes,Bretaña
Daqing,Heilongjiang
Kampala,Kampala
Soweto,Gauteng
Saint-Malo,Bretaña
Chemnitz,Sajonia
Leeuwarden,Frisia
Bayreuth,Bavaria
Grajaú,Marañón
Pelotas,Rio Grande do Sul
Longjumeau,Isla de Francia
Palermo,Sicilia
Depok,Yogyakarta
Catania,Sicilia
Guangshui,Hubei
Zaozhuang,Shandong
Korba,Chhattisgarh
Lucknow,Uttar Pradesh
Guayaquil,Guayas
Bayamo,Granma
Zigong,Sichuan
La Celle-Saint-Cloud,Isla de Francia
Bristol,Tennessee
Shenzhen,Guangdong
Carpentras,Provenza-Alpes-Costa Azul
Thane,Maharashtra
Bremen,Bremen
Itapevi,São Paulo
Puerto Padre,Las Tunas
Lagos de Moreno,Jalisco
Kaifeng,Henan
Seúl,Seúl
Ulan Bator,Ulán Bator
Juazeiro,Bahía
Pretoria,Gauteng
Rangún,Rangún
Tabuk,Tabuk
Palma de Mallorca,Islas Baleares
Fairfield,California
Slupsk,Pomerania
Dewas,Madhya Pradesh
Portage,Indiana
Duisburg,Renania del Norte-Westfalia
Arlington,Texas
Gisborne,Gisborne
Portland,Oregón
Callao,Callao
Caracas,Distrito Capital
Açu,Río Grande del Norte
Fontainebleau,Isla de Francia
Pouso Alegre,Minas Gerais
Cartagena,Bolívar
Wilhelmshaven,Baja Sajonia
Bacolod City,Visayas Occidental
Roanne,Auvernia-Ródano-Alpes
Vientiane,Prefectura de Vientián
Upsala,Upsala
Amatitlán,Guatemala
Aurora,Illinois
Kayseri,Kayseri
Mentougou,Pekín
Townsville,Queensland
Ho Chi Minh City,Ciudad Ho Chi Minh
Ardahan,Ardahan
Morelia,Michoacán
Kisumu,Nyanza
Caloocan,Capital Nacional
Manado,Célebes Septentrional
Cabimas,Zulia
Nkongsamba,Littoral
Jeddah,Meca
K'ut'aisi,Imericia
Magdeburg,Sajonia-Anhalt
Bordeaux,Aquitania-Lemosín-Poitou-Charentes
Tongchuan,Sichuan
Raipur,Uttarakhand
Shiraz,Fars
Kananga,Kasai Occidental
Nagercoil,Tamil Nadu
Cannes,Provenza-Alpes-Costa Azul
Jackson,Tennessee
Hackensack,Nueva Jersey
León,León
Herat,Herat
Exeter,Inglaterra
Johannesburg,Gauteng
Maseru,Maseru
Garbsen,Baja Sajonia
Mantes-la-Ville,Isla de Francia
Rawalpindi,Punyab
Kollam,Kerala
Alice Springs,Territorio del Norte
Vitória,Espíritu Santo
Suresnes,Isla de Francia
Fort-de-France,Martinica
Donghai,Guangdong
Naperville,Illinois
Surabaya,Java Oriental
Pertuis,Provenza-Alpes-Costa Azul
Sincan,Ankara
Budapest,Budapest
Uskudar,Estambul
Phoenix,Arizona
León,Guanajuato
Kochi,Kerala
Vigo,Galicia
Bagdad,Bagdad
Hyderabad,Telangana
Turin,Piamonte
Waterlooville,Inglaterra
Wheeling,Virginia Occidental
Mannheim,Baden-Wurtemberg
Aracaju,Sergipe
Woodland,California
Bellary,Karnataka
Montrouge,Isla de Francia
Toledo,Ohio
Lahore,Punyab
Loudi,Hunan
Tamworth,Inglaterra
Strasbourg,Alsacia-Champaña-Ardenas-Lorena
Lismore,Nueva Gales del Sur
Corbeil-Essonnes,Isla de Francia
Surrey,Columbia británica
Poznan,Gran Polonia
Redmond,Washington
Elmhurst,Illinois
Auckland,Auckland
Colón,Colón
Moa,Holguín
Manizales,Caldas
Jodhpur,Rajastán
Waitakere,Auckland
Huainan,Anhui
Columbus,Georgia
Zhengzhou,Henan
Feira de Santana,Bahía
São Gonçalo,Río de Janeiro
Milwaukee,Wisconsin
Poissy,Isla de Francia
Rybinsk,Yaroslavl
Dover,Nuevo Hampshire
Richmond,Indiana
Green Bay,Wisconsin
Tengzhou,Shandong
Kramators'k,Donetsk
Thika,Central
Widnes,Inglaterra
Berlín,Berlín
Leipzig,Sajonia
Charlotte,Carolina del Norte
Estelí,Estelí
Francisco Beltrão,Paraná
Lincoln Park,Michigan
Mixco,Guatemala
Columbus,Indiana
Semarang,Java Central
Tangerang,Java Occidental
Garches,Isla de Francia
Aulnay-sous-Bois,Isla de Francia
Abadan,Juzestán
Pharr,Texas
Ennigerloh,Renania del Norte-Westfalia
Azcapotzalco,Distrito Federal
Portoviejo,Manabí
Arvada,Colorado
Haarlem,Holanda Septentrional
Bremerhaven,Bremen
Durgapur,Bengala Occidental
Roissy-en-Brie,Isla de Francia
Kaunas,Kaunas
Huaiyin,Jiangsu
Curitiba,Paraná
Flers,Normandía
Parbhani,Maharashtra
Lençóis Paulista,São Paulo
Dar es Salaam,Dar es Salaam
Kindia,Kindia
Port Harcourt,Ríos
Timisoara,Timis
Herford,Renania del Norte-Westfalia
Lakewood,Nueva Jersey
Choloma,Cortés
Salina Cruz,Oaxaca
São José dos Campos,São Paulo
São Luís,Marañón
Chongqing,Chongqing
Le Blanc-Mesnil,Isla de Francia
Guwahati,Assam
La Romana,La Romana
Madero,Tamaulipas
Stavanger,Rogaland
Troisdorf,Renania del Norte-Westfalia
Evanston,Illinois
Villemomble,Isla de Francia
Ujjain,Madhya Pradesh
Kota Kinabalu,Sabah
Tampico,Tamaulipas
Helsinki,Uusimaa
Tourcoing,Norte-Paso de Calais-Picardía
Yancheng,Jiangsu
Budënnovsk,Stávropol
Bokaro,Jharkhand
Wellington,Wellington
Schiedam,Holanda Meridional
Hildesheim,Baja Sajonia
Itajaí,Santa Catarina
Bangor,Maine
Miramar,Florida
Sceaux,Isla de Francia
Saint-Genis-Laval,Auvernia-Ródano-Alpes
Jaipur,Rajastán
Wenzhou,Zhejiang
Kaluga,Kaluga
Malegaon,Maharashtra
Broken Arrow,Oklahoma
Soledad,Atlántico
Maracaibo,Zulia
Boa Esperança,Minas Gerais
Banjarmasin,Borneo Meridional
Quixadá,Ceará
Newcastle,KwaZulu-Natal
Riyadh,Riad
Viersen,Renania del Norte-Westfalia
Deuil-la-Barre,Isla de Francia
Pontivy,Bretaña
Milpa Alta,Distrito Federal
Oberhausen,Renania del Norte-Westfalia
Oviedo,Asturias
Zaanstad,Holanda Septentrional
Nasik,Maharashtra
Freeport,Illinois
Chincha Alta,Ica
Bakersfield,California
Wattrelos,Norte-Paso de Calais-Picardía
Hastings,Inglaterra
Dordrecht,Holanda Meridional
Pessac,Aquitania-Lemosín-Poitou-Charentes
São Leopoldo,Rio Grande do Sul
Changzhi,Shanxi
Yanbu al Bahr,Medina
Mopti,Mopti
Groningen,Groningen
Barakaldo,País Vasco
Aurangabad,Bihar
Bondy,Isla de Francia
Toulon,Provenza-Alpes-Costa Azul
Toronto,Ontario
Pindamonhangaba,São Paulo
Montauban,Languedoc-Rosellón-Mediodía-Pirineos
Leominster,Massachusetts
Mackay,Queensland
Bergamo,Lombardía
Al Hillah,Babilonia
Calamba,Calabarzón
Mardin,Mardin
Mysore,Karnataka
Pimpri,Maharashtra
Sagunto,Valenciana
Como,Lombardía
Manila,Capital Nacional
Nantong,Jiangsu
Cognac,Aquitania-Lemosín-Poitou-Charentes
Valladolid,Castilla y León
Sandnes,Rogaland
Jieshou,Anhui
Lower Hutt,Wellington
Huntsville,Texas
Arlington,Virginia
Bowling Green,Kentucky
Nottingham,Inglaterra
Durango,Durango
Offenbach,Hesse
Calgary,Alberta
Vila Nova de Gaia,Porto
San Fernando,San Fernando
Les Abymes,Guadalupe
Pekanbaru,Riau
Jammu,Jammu y Cachemira
Rancagua,O'Higgins
Karlsruhe,Baden-Wurtemberg
Vijayawada,Andhra Pradesh
Rouen,Normandía
Brescia,Lombardía
Oswego,Illinois
Asheville,Carolina del Norte
Kumanovo,Kumanovo
Himeji,Hyogo
Choluteca,Choluteca
Geelong,Victoria
Brasília,Distrito Federal
Fatehpur,Rajastán
Le Petit-Quevilly,Normandía
Great Yarmouth,Inglaterra
Le Havre,Normandía
Xianyang,Shaanxi
Celaya,Guanajuato
Bunbury,Australia Occidental
Franca,São Paulo
Ballarat,Victoria
Glendale,Arizona
Mirzapur,Uttar Pradesh
Changwon,Gyeongsangnam
Le Plessis-Robinson,Isla de Francia
Costa Mesa,California
Ostrava,Moravia-Silesia
Boulogne-sur-Mer,Norte-Paso de Calais-Picardía
Siauliai,Šiauliai
Bridgetown,San Miguel
Maturín,Monagas
Castrop-Rauxel,Renania del Norte-Westfalia
Irkutsk,Irkutsk
Kinshasa,Kinshasa
Qingdao,Shandong
Chartres,Centro-Valle de Loira
Campeche,Campeche
Morristown,Nueva Jersey
Durres,Durrës
Gubkin,Bélgorod
Bielefeld,Renania del Norte-Westfalia
Vantaa,Uusimaa
Antipolo,Calabarzón
Rasht,Guilán
Munster,Baja Sajonia
Kita-ku,Hyogo
Poole,Inglaterra
Jiangyou,Sichuan
Garoua,Nord
Bangalore,Karnataka
Nakhon Ratchasima,Nakhon Ratchasima
Maryborough,Queensland
Chittagong,Chittagong
Port Saint Lucie,Florida
Montmorency,Isla de Francia
Cambridge,Massachusetts
Fengcheng,Liaoning
Seremban,Negeri Sembilan
Watford,Inglaterra
Gilbert,Arizona
Algiers,Alger
Kahramanmara?,Kahramanmara?
Lanzhou,Gansu
Sassari,Cerdeña
Garden City,Kansas
Kenosha,Wisconsin
Bikaner,Rajastán
Dakar,Dakar
Kenitra,Garb-Chrarda-Beni Hsen
Perth,Australia Occidental
Angeles City,Luzón Central
Cholet,Países del Loira
Biarritz,Aquitania-Lemosín-Poitou-Charentes
Jiutepec,Morelos
Bacoor,Calabarzón
Zamora,Castilla y León
Hangzhou,Zhejiang
Clinton,Maryland
Hamm,Renania del Norte-Westfalia
Altamira,Pará
Gaziantep,Gaziantep
Nazilli,Aydin
Bressuire,Aquitania-Lemosín-Poitou-Charentes
Sandy Springs,Georgia
Tasikmalaya,Java Occidental
Oslo,Oslo
Arequipa,Arequipa
Swindon,Inglaterra
Carrefour,Ouest
Zeist,Utrecht
Broken Hill,Nueva Gales del Sur
Crawley,Inglaterra
Wausau,Wisconsin
Malambo,Atlántico
Olathe,Kansas
Lancaster,Ohio
El Paso,Texas
Canberra,Territorio de la Capital Australiana
Langenhagen,Baja Sajonia
Lázaro Cárdenas,Michoacán
Vanves,Isla de Francia
Marignane,Provenza-Alpes-Costa Azul
Rugby,Inglaterra
Rotorua,Bay of Plenty
Moradabad,Uttar Pradesh
Epinal,Alsacia-Champaña-Ardenas-Lorena
Nashville,Tennessee
Tyler,Texas
Quincy,Massachusetts
Waynesboro,Virginia
Plainfield,Nueva Jersey
Bandundu,Bandundu
Araranguá,Santa Catarina
Neijiang,Sichuan
Meudon,Isla de Francia
San José de las Lajas,Mayabeque
Franklin,Tennessee
Cruzeiro,São Paulo
Ninghai,Shandong
Funabashi,Chiba
Hamburgo,Hamburgo
Taza,Taza-Alhucemas-Taunat
Malakoff,Isla de Francia
Jieyang,Guangdong
Des Plaines,Illinois
Mersin,Mersin
Goyang,Gyeonggi
Windsor,Ontario
Viroflay,Isla de Francia
Pau,Aquitania-Lemosín-Poitou-Charentes
Kashan,Isfahán
Vernon,Normandía
La Porte,Indiana
Holguín,Holguín
Vassouras,Río de Janeiro
Paris,Isla de Francia
Palembang,Sumatra Meridional
Kota,Rajastán
Gera,Turingia
Soissons,Norte-Paso de Calais-Picardía
Rach Gia,Kiên Giang
Los Ángeles,Bío-Bío
Paterson,Nueva Jersey
Melchor Ocampo,México
Sydney,Nueva Gales del Sur
Vitoria,País Vasco
Jincheng,Shanxi
Memphis,Tennessee
Uruguaiana,Rio Grande do Sul
Gladstone,Queensland
Anaheim,California
Ibirité,Minas Gerais
Santarém,Pará
Boghni,Tizi Ouzou
Port Macquarie,Nueva Gales del Sur
Marbella,Andalucía
Khulna,Khulna
Irun,País Vasco
Rivera,Rivera
Potosí,Potosí
Wenling,Zhejiang
Siirt,Siirt
Cape Town,Cabo Occidental
Capannori,Toscana
Carlisle,Inglaterra
Le Pontet,Provenza-Alpes-Costa Azul
Allentown,Pensilvania
Nancy,Alsacia-Champaña-Ardenas-Lorena
Vespasiano,Minas Gerais
Hidalgo,Michoacán
Huelva,Andalucía
Sarkand,Almaty
Colchester,Inglaterra
Ankara,Ankara
Amritsar,Punyab
Salem,Oregón
Santiago de Cuba,Santiago de Cuba
Savigny-le-Temple,Isla de Francia
Halle,Renania del Norte-Westfalia
Waterbury,Connecticut
Al Mubarraz,Ash Sharqiyah
Concepción del Uruguay,Entre Ríos
Miami,Florida
Long Beach,Nueva York
Nicolás Romero,México
Graz,Stiria
Jabalpur,Madhya Pradesh
Foumban,Ouest
Mahajanga,Boeny
Masterton,Wellington
Khouribga,Chauía-Uardiga
Montecatini Terme,Toscana
Frederiksberg,Región Capital
Jequié,Bahía
Votuporanga,São Paulo
Chinandega,Chinandega
Ugep,Cross River
Belo Horizonte,Minas Gerais
Miramas,Provenza-Alpes-Costa Azul
Hirakata,Osaka
Warsaw,Mazovia
Copenhagen,Región Capital
Lannion,Bretaña
Baltimore,Maryland
Auburn,Nueva York
Kukatpalli,Telangana
Salem,Virginia
Sevastopol,Sevastopol
Kilis,Kilis
Smyrna,Georgia
Laon,Norte-Paso de Calais-Picardía
New York City,Nueva York
Lublin,Lublin
Plymouth,Inglaterra
Celle,Baja Sajonia
Saint Charles,Illinois
Kryvyy Rih,Dnipropetrovsk
Wilmington,Delaware
Pontoise,Isla de Francia
Hefei,Anhui
Oklahoma City,Oklahoma
Ilopango,San Salvador
Rome,Lacio
Brumado,Bahía
Salihli,Manisa
Bezons,Isla de Francia
Saint Louis,Misuri
Darbhanga,Bihar
Quebec,Quebec
Puertollano,Castilla-La Mancha
Bossier City,Luisiana
Gdynia,Pomerania
Zacatecas,Zacatecas
Christchurch,Canterbury
Stoke-on-Trent,Inglaterra
Grosseto,Toscana
Ekibastuz,Pavlodar
Ciego de Ávila,Ciego de Ávila
Asjabad,Asjabad
Qiqihar,Heilongjiang
Mount Vernon,Nueva York
Mildura,Victoria
Daca,Daca
Porto-Novo,Ouémé
Herne,Renania del Norte-Westfalia
Alicante,Valenciana
Superior,Wisconsin
Multan,Punyab
Arapongas,Paraná
Itapecuru Mirim,Marañón
Halle,Sajonia-Anhalt
Sale,Rabat-Salé-Zemur-Zaer
Mbuji-mayi,Kasai Oriental
Munich,Bavaria
Medina,Medina
San Jose del Monte,Luzón Central
Jackson,Misisipi
Ivano-Frankivs'k,Ivano-Frankivsk
Konya,Konya
Talcahuano,Bío-Bío
Ibiúna,São Paulo
Wasquehal,Norte-Paso de Calais-Picardía
Chieti,Abruzos
Montevideo,Montevideo
Stockton-on-Tees,Inglaterra
Liaocheng,Shandong
Piedras Negras,Coahuila
Miramar,Tamaulipas
Taiyuan,Shanxi
Blackburn,Inglaterra
Toowoomba,Queensland
Hartlepool,Inglaterra
Chaguanas,Chaguanas
Hautmont,Norte-Paso de Calais-Picardía
Luton,Inglaterra
Patna,Bihar
Betim,Minas Gerais
Hohhot,Mongolia Interior
Bulawayo,Bulawayo
Pasadena,California
La Plata,Buenos Aires (provincia)
Balikesir,Balikesir
Oshawa,Ontario
Accra,Gran Accra
Bayeux,Normandía
San Francisco del Rincón,Guanajuato
Metepec,México
Mombasa,Costa
Hollywood,Florida
Chinautla,Guatemala
Pune,Maharashtra
Navegantes,Santa Catarina
Jiangyan,Jiangsu
Arnsberg,Renania del Norte-Westfalia
Nova Serrana,Minas Gerais
Riverside,California
Bonn,Renania del Norte-Westfalia
Santa Barbara,California
Lille,Norte-Paso de Calais-Picardía
Morgan Hill,California
Soledad Díez Gutiérrez,San Luis Potosí
Santa Marta,Magdalena
Arezzo,Toscana
Nagasaki,Nagasaki
Bajos de Haina,San Cristóbal
Wollongong,Nueva Gales del Sur
Overland Park,Kansas
Manukau City,Auckland
La Seyne-sur-Mer,Provenza-Alpes-Costa Azul
Huadian,Jilin
San Martín,Cuscatlán
Calais,Norte-Paso de Calais-Picardía
Kuantan,Pahang
Coyoacán,Distrito Federal
Tuxtla Gutiérrez,Chiapas
Las Piedras,Canelones
Farnborough,Inglaterra
Durgapur,Maharashtra
Sangli,Maharashtra
Suzhou,Gansu
Kilwinning,Escocia
Southend-on-Sea,Inglaterra
Valencia,Valenciana
Bucheon,Gyeonggi
Torremolinos,Andalucía
Corum,Corum
Caxias do Sul,Rio Grande do Sul
Kirsehir,Kirsehir
Jilin,Jilin
Cairo,El Cairo
Ajmer,Rajastán
Luanda,Luanda
Anshan,Liaoning
Atlanta,Georgia
Khorramabad,Lorestan
Kent,Ohio
Middletown,Connecticut
Mejicanos,San Salvador
Mulhouse,Alsacia-Champaña-Ardenas-Lorena
Angarsk,Irkutsk
Almelo,Overijssel
Sanliurfa,Sanliurfa
San Francisco de Macorís,Duarte
Aachen,Renania del Norte-Westfalia
Mecca,Meca
Soacha,Cundinamarca
Burnley,Inglaterra
Hamadán,Hamadán
Turku,Finlandia del Sudoeste
Luoyang,Fujian
Taiping,Perak
Bello,Antioquía
Castanhal,Pará
Bogor,Java Occidental
Ferrara,Emilia-Romaña
Melton,Victoria
Lakeville,Minnesota
Livry-Gargan,Isla de Francia
Palm Coast,Florida
San Salvador,San Salvador
Hasselt,Limburgo
Martigues,Provenza-Alpes-Costa Azul
Nuevo Laredo,Tamaulipas
Walsall,Inglaterra
Cardiff,Gales
Villeurbanne,Auvernia-Ródano-Alpes
Mathura,Uttar Pradesh
Fano,Marche
Denver,Colorado
Constanza,Constanza
Xi'an,Shaanxi
Lewiston,Maine
Marina di Carrara,Toscana
Veracruz,Veracruz
Puente Alto,Santiago de Chile
Jacareí,São Paulo
Maracay,Aragua
Tokio,Tokio
Monterrey,Nuevo León
Balneário Camboriú,Santa Catarina
Colombo,Paraná
Franconville,Isla de Francia
Dabrowa Gornicza,Silesia
Kaliningrado,Kaliningrado
Amarillo,Texas
Lugo,Galicia
Adelaide,Australia del Sur
Giurgiu,Giurgiu
West Bromwich,Inglaterra
Milan,Lombardía
Valencia,Mindanao Septentrional
Bishkek,Bishkek
Wolfsburg,Baja Sajonia
Dubbo,Nueva Gales del Sur
Oldenburg,Baja Sajonia
Haifa,Haifa
San Juan,San Juan
Contramaestre,Santiago de Cuba
Penedo,Alagoas
Cruz das Almas,Bahía
Decatur,Alabama
Wallasey,Inglaterra
Belfort,Borgoña-Franco Condado
Tegucigalpa,Francisco Morazán
London,Inglaterra
Santiago de los Caballeros,Santiago de Chile
Madurai,Tamil Nadu
Treviso,Véneto
Erlangen,Bavaria
Mississauga,Ontario
Bhatpara,Bengala Occidental
Abha,Asir
Bellevue,Washington
Oyonnax,Auvernia-Ródano-Alpes
Bruselas,Bruselas
Mogi das Cruzes,São Paulo
Al Manaqil,Gezira
Faches-Thumesnil,Norte-Paso de Calais-Picardía
Kafr ad Dawwar,Al Buhayrah
Saint-Herblain,Países del Loira
Jos,Plateau
Lorena,São Paulo
Felahiye,Kayseri
Bridgeton,Nueva Jersey
Hradec Králové,Hradec Králové
Purwokerto,Java Central
Ngaoundere,Adamaoua
Pesaro,Marche
Yambol,Yambol
Bristol,Inglaterra
Lausanne,Vaud
Paranaguá,Paraná
Johnson City,Tennessee
Venlo,Limburgo
Behshahr,Mazandarán
Bamako,Bamako
Bhiwandi,Maharashtra
Bath,Inglaterra
Les Ulis,Isla de Francia
Taranto,Apulia
Ploemeur,Bretaña
Manchester,Connecticut
Antibes,Provenza-Alpes-Costa Azul
Arak,Markazí
Carrollton,Texas
Banda Aceh,Aceh
Chilpancingo,Guerrero
Gillingham,Inglaterra
Unna,Renania del Norte-Westfalia
Chingola,Copperbelt
Warrington,Inglaterra
Amol,Mazandarán
Bolzano,Trentino-Alto Adigio
Chandler,Arizona
Plovdiv,Plovdiv
Viransehir,Sanliurfa
Bialystok,Podlaquia
Moers,Renania del Norte-Westfalia
Fresnillo de González Echeverría,Zacatecas
Paderborn,Renania del Norte-Westfalia
Istres,Provenza-Alpes-Costa Azul
Purmerend,Holanda Septentrional
Laredo,Texas
Chesterfield,Inglaterra
Benguela,Benguela
Nanning,Guangxi
Diadema,São Paulo
Owo,Ondo
Landskrona,Escania
Minden,Renania del Norte-Westfalia
Etawah,Uttar Pradesh
Bloemfontein,Estado Libre
Beni Mellal,Tadla-Azilal
Puducherry,Puducherry
Binjai,Sumatra Septentrional
Ashford,Inglaterra
Zunyi,Guizhou
Dinslaken,Renania del Norte-Westfalia
Lorain,Ohio
Suffolk,Virginia
Helsingborg,Escania
Weston-super-Mare,Inglaterra
Dover,Delaware
Sunnyvale,California
Chetumal,Quintana Roo
Larache,Tánger-Tetuán
Indore,Madhya Pradesh
Vlaardingen,Holanda Meridional
Carlsbad,Nuevo México
Torquay,Inglaterra
Van,Van
Coslada,Madrid
Lisieux,Normandía
Cherkasy,Cherkasy
Florence,Carolina del Sur
Athens,Georgia
Pierrefitte-sur-Seine,Isla de Francia
Bolívar,Bolívar
San Bernardo,Santiago de Chile
Evreux,Normandía
Limay,Isla de Francia
Worcester,Inglaterra
Eragny,Isla de Francia
Velsen,Holanda Septentrional
Araucária,Paraná
Yaritagua,Yaracuy
Bujumbura,Buyumbura Mairie
Middlesbrough,Inglaterra
Normal,Illinois
Altotonga,Veracruz
Cárdenas,Matanzas
Papakura,Auckland
Montesson,Isla de Francia
Dourados,Mato Grosso del Sur
Gaithersburg,Maryland
Kandi,Alibori
Gawler,Australia del Sur
Roubaix,Norte-Paso de Calais-Picardía
Jundiaí,São Paulo
Ituiutaba,Minas Gerais
Arica,Arica y Parinacota
Bhopal,Madhya Pradesh
Saint-Laurent,Quebec
Busto Arsizio,Lombardía
Pine Bluff,Arkansas
Carora,Lara
Bedford,Texas
Gardanne,Provenza-Alpes-Costa Azul
Esenyurt,Estambul
Regensburg,Bavaria
Ibagué,Tolima
Aba,Abia
Tuzla,Federación de Bosnia y Herzegovina
Norwich,Inglaterra
San Lorenzo,Central
Ocaña,Norte de Santander
Osasco,São Paulo
Korce,Korçë
Lund,Escania
Sibiu,Sibiu
Arras,Norte-Paso de Calais-Picardía
Vitry-sur-Seine,Isla de Francia
Montes Claros,Minas Gerais
Khomeynishahr,Isfahán
El Prat de Llobregat,Cataluña
Witten,Renania del Norte-Westfalia
Mishawaka,Indiana
Duque de Caxias,Río de Janeiro
Ercolano,Campania
Nizhyn,Chernihiv
Onitsha,Anambra
Yonkers,Nueva York
Bafoussam,Ouest
Alfortville,Isla de Francia
Corpus Christi,Texas
Valledupar,Cesar
Luts'k,Volinia
Angers,Países del Loira
Nouakchott,Nouakchott
Alcobendas,Madrid
Bahía Blanca,Buenos Aires (provincia)
Shimonoseki,Yamaguchi
Bideford,Inglaterra
Schiffweiler,Sarre
Slough,Inglaterra
Mosquera,Cundinamarca
Coral Springs,Florida
Tabora,Tabora
Wels,Alta Austria
Owerri,Imo
Badajoz,Extremadura
Akola,Maharashtra
Rybnik,Silesia
Braila,Braila
Huizhou,Guangdong
Dearborn,Michigan
Chernihiv,Chernihiv
Corrientes,Corrientes
Khorramshahr,Juzestán
Tigard,Oregón
Saginaw,Michigan
Landerneau,Bretaña
Aracati,Ceará
Tetouan,Tánger-Tetuán
Sant Boi de Llobregat,Cataluña
Kigali,Kigali
Bar-le-Duc,Alsacia-Champaña-Ardenas-Lorena
Yueyang,Hunan
Coimbatore,Tamil Nadu
Lucca,Toscana
Vigevano,Lombardía
Sanary-sur-Mer,Provenza-Alpes-Costa Azul
Pucallpa,Ucayali
Salamanca,Castilla y León
Chelmsford,Inglaterra
Itapetininga,São Paulo
Ardebil,Ardebil
Linares,Nuevo León
Pomezia,Lacio
Villefontaine,Auvernia-Ródano-Alpes
Bandirma,Balikesir
Schwerin,Mecklemburgo-Pomerania Occidental
Libreville,Estuaire
Vineland,Nueva Jersey
Pforzheim,Baden-Wurtemberg
Panevezys,Panevezys
Falconara Marittima,Marche
Sierra Vista,Arizona
Waterloo,Ontario
Hialeah,Florida
Chillán,Bío-Bío
Grasse,Provenza-Alpes-Costa Azul
Kettering,Inglaterra
Latina,Lacio
Ramat Aviv,Tel Aviv
Montigny-le-Bretonneux,Isla de Francia
Severodvinsk,Arjánguelsk
Newcastle upon Tyne,Inglaterra
Pinheiro,Marañón
Ternópil,Ternópil
Marsala,Sicilia
Conselheiro Lafaiete,Minas Gerais
Mubi,Adamawa
Dudley,Inglaterra
Saint-Pierre-des-Corps,Centro-Valle de Loira
Athens,Attica
San Gabriel,California
Ebolowa,Sud
Cluj-Napoca,Cluj
Delft,Holanda Meridional
Innsbruck,Tirol
Zaporiyia,Zaporiyia
Orange,Nueva Gales del Sur
Saumur,Países del Loira
Hattingen,Renania del Norte-Westfalia
Apple Valley,California
Ludwigshafen am Rhein,Renania-Palatinado
Hinckley,Inglaterra
Jining,Shandong
Petrópolis,Río de Janeiro
Coimbra,Coimbra
Lattes,Languedoc-Rosellón-Mediodía-Pirineos
Meaux,Isla de Francia
Scottsdale,Arizona
Mission Viejo,California
Ulsan,Ulsan
Narbonne,Languedoc-Rosellón-Mediodía-Pirineos
Santander,Cantabria
Wuchang,Heilongjiang
Laval,Países del Loira
Plock,Mazovia
Capelle aan den IJssel,Holanda Meridional
Daytona Beach,Florida
Boa Vista,Roraima
Kigoma,Kigoma
Auxerre,Borgoña-Franco Condado
Bertoua,Est
Basel,Basilea-Ciudad
Concord,Carolina del Norte
Cessnock,Nueva Gales del Sur
Jaboticabal,São Paulo
Malden,Massachusetts
Ceuta,Ceuta
Changde,Hunan
Montereau-Fault-Yonne,Isla de Francia
George,Cabo Occidental
Bottrop,Renania del Norte-Westfalia
Rochdale,Inglaterra
Elazig,Elazig
Etimesgut,Ankara
Friedberg,Hesse
Cluses,Auvernia-Ródano-Alpes
Firminy,Auvernia-Ródano-Alpes
Torrance,California
Yaounde,Centro
Benin City,Edo
Villingen-Schwenningen,Baden-Wurtemberg
Bilbeis,Ash Sharqiyah
York,Inglaterra
Brampton,Ontario
La Spezia,Liguria
Neuilly-Plaisance,Isla de Francia
Khenifra,Mequinez-Tafilalet
Bedford,Inglaterra
Uman,Cherkasy
Burgas,Burgas
Shah Alam,Selangor
Agadir,Sus-Masa-Draa
Valparaíso de Goiás,Goiás
Santiago de Compostela,Galicia
Cuttack,Odisha
Harrogate,Inglaterra
Sarreguemines,Alsacia-Champaña-Ardenas-Lorena
Novo Cruzeiro,Minas Gerais
Coventry,Inglaterra
Guntur,Andhra Pradesh
Zhlobin,Gómel
Acarigua,Portuguesa
Torquay,Queensland
Echirolles,Auvernia-Ródano-Alpes
Oceanside,California
Arusha,Arusha
Barasat,Bengala Occidental
Jupiter,Florida
Baruta,Miranda
Caldwell,Idaho
Lubbock,Texas
Cagua,Aragua
Mitry-Mory,Isla de Francia
Assen,Drenthe
Ananindeua,Pará
Le Cannet,Provenza-Alpes-Costa Azul
Marsabit,Oriental
Kamina,Katanga
Fianarantsoa,Haute-Matsiatra
Palencia,Castilla y León
Les Mureaux,Isla de Francia
Worthing,Inglaterra
Olympia,Washington
Skikda,Skikda
El Ejido,Andalucía
Kikwit,Bandundu
Roseville,Minnesota
Castellammare di Stabia,Campania
Colomiers,Languedoc-Rosellón-Mediodía-Pirineos
Legnano,Lombardía
Saint-Laurent-du-Var,Provenza-Alpes-Costa Azul
Franklin,Massachusetts
Beauvais,Norte-Paso de Calais-Picardía
Koblenz,Renania-Palatinado
Wakefield,Inglaterra
Trujillo,La Libertad
Deventer,Overijssel
Troyes,Alsacia-Champaña-Ardenas-Lorena
Ilesha,Osun
Gradignan,Aquitania-Lemosín-Poitou-Charentes
Kayes,Kayes
Vignola,Emilia-Romaña
Fontenay-le-Comte,Países del Loira
Elda,Valenciana
Resita,Caras-Severin
Rio Grande,Rio Grande do Sul
Iasi,Iasi
Namur,Namur
Layton,Utah
Pleasant Grove,Utah
Frontignan,Languedoc-Rosellón-Mediodía-Pirineos
Masjed Soleyman,Juzestán
Morley,Inglaterra
Vitrolles,Provenza-Alpes-Costa Azul
Krugersdorp,Gauteng
Sittard,Limburgo
Naihati,Bengala Occidental
Chililabombwe,Copperbelt
Utica,Nueva York
Gastonia,Carolina del Norte
Zhongxiang,Hubei
Funtua,Katsina
Ambattur,Tamil Nadu
Dayr az Zawr,Dayr az Zawr
Drogobych,Lviv
Geraldton,Australia Occidental
Sabzevar,Jorasán Razaví
Potenza,Basilicata
Lake Forest,California
Cartagena,Murcia
Batna,Batna
Gulu,Gulu
Sucre,Chuquisaca
Nikopol,Dnipropetrovsk
Forster,Nueva Gales del Sur
Misurata,Misurata
Abeokuta,Ogun
Lakewood,California
Makeni,Septentrional
Hendersonville,Tennessee
Islamabad,Territorio de la Capital Federal
Juba,Ecuatoria Central
Petare,Miranda
Carquefou,Países del Loira
Rosarito,Baja California
Berdychiv,Zhytómyr
Alessandria,Piamonte
Gaoyou,Jiangsu
Lunel,Languedoc-Rosellón-Mediodía-Pirineos
Sonneberg,Turingia
Rosny-sous-Bois,Isla de Francia
Saint-Jean-de-la-Ruelle,Centro-Valle de Loira
Usol'ye-Sibirskoye,Irkutsk
Orange,Nueva Jersey
Mpumalanga,KwaZulu-Natal
Mostaganem,Mostaganem
Lansing,Michigan
Kozan,Adana
Alkmaar,Holanda Septentrional
Hemel Hempstead,Inglaterra
Tirunelveli,Tamil Nadu
Varamin,Teherán
East London,Cabo Oriental
Hickory,Carolina del Norte
Andijon,Andiján
Beni Suef,Bani Suwayf
Salem,Tamil Nadu
Liverpool,Inglaterra
Grevenbroich,Renania del Norte-Westfalia
Sanandaj,Kurdistán
Montgeron,Isla de Francia
Túnez,Túnez
Broomfield,Colorado
Douai,Norte-Paso de Calais-Picardía
Yangquan,Shanxi
Provo,Utah
Loubomo,Niari
Barnsley,Inglaterra
Sidi Qacem,Garb-Chrarda-Beni Hsen
Cizre,Sirnak
Pomona,California
Patiala,Punyab
Toledo,Castilla-La Mancha
Lomme,Norte-Paso de Calais-Picardía
Osorno,Los Lagos
Cuajimalpa,Distrito Federal
Roermond,Limburgo
Trento,Trentino-Alto Adigio
Margate,Florida
Fasa,Fars
Schiltigheim,Alsacia-Champaña-Ardenas-Lorena
Mary,Mary
Peshawar,Jaiber Pajtunjuá
Toul,Alsacia-Champaña-Ardenas-Lorena
Krasnyy Luch,Lugansk
Hove,Inglaterra
Manresa,Cataluña
Beverly,Massachusetts
Craiova,Dolj
Fairfield,Ohio
Montgomery,Alabama
Sarajevo,Federación de Bosnia y Herzegovina
Imola,Emilia-Romaña
Vertou,Países del Loira
Yacuiba,Tarija
Yulin,Shaanxi
Greensboro,Carolina del Norte
Nogent-sur-Oise,Norte-Paso de Calais-Picardía
Forbach,Alsacia-Champaña-Ardenas-Lorena
Atakpame,Plateaux
Rochester,Nueva York
Chisináu,Chisináu
Manzanillo,Colima
Randers,Jutlandia Central
Ningbo,Zhejiang
Saint-Dizier,Alsacia-Champaña-Ardenas-Lorena
St. Catharines,Ontario
Vancouver,Columbia británica
Washington,Distrito de Columbia
Menia,Menia
Hilversum,Holanda Septentrional
Ipiales,Nariño
Béchar,Béchar
An Nasiriyah,Di Car
Menemen,Izmir
Beaune,Borgoña-Franco Condado
Knoxville,Tennessee
Tarnow,Polonia Menor
Podgorica,Podgorica
Marion,Ohio
Birkenhead,Inglaterra
Targu Jiu,Gorj
Leverkusen,Renania del Norte-Westfalia
Aalst,Flanders Oriental
Amiens,Norte-Paso de Calais-Picardía
Karbala,Karbala
Luxemburgo,Luxemburgo
Foligno,Umbría
Kabwe,Central
Levin,Manawatu-Wanganui
Saint-Cyr-sur-Loire,Centro-Valle de Loira
Kwangju,Gyeonggi
Virginia Beach,Virginia
Sterling Heights,Michigan
Vlore,Vlorë
Cuenca,Azuay
Valle Hermoso,Tamaulipas
Fresnes,Isla de Francia
Trieste,Friuli-Venecia Julia
Port Said,Puerto Saíd
Xinghua,Jiangsu
Sokode,Central
Asansol,Bengala Occidental
Baia Mare,Maramures
Hastings,Hawke's Bay
Vryburg,Noroeste
Ijuí,Rio Grande do Sul
Rockford,Illinois
Cremona,Lombardía
Guanambi,Bahía
Man,Dix-Huit Montagnes
Sokoto,Sokoto
Shuangyashan,Heilongjiang
Matsudo,Chiba
Changsha,Hunan
Washington,Inglaterra
Jena,Turingia
Fuengirola,Andalucía
Albacete,Castilla-La Mancha
Kasama,Septentrional
Nitra,Nitra
La Paz,Baja California Sur
Ilo,Moquegua
Bourges,Centro-Valle de Loira
Buzau,Buzau
Greenville,Carolina del Norte
Rovigo,Véneto
Caucaia,Ceará
Grodno,Grodno
Lecce,Apulia
Monclova,Coahuila
Mbeya,Mbeya
Georgetown,Kentucky
Mcallen,Texas
Abreu e Lima,Pernambuco
Limoges,Aquitania-Lemosín-Poitou-Charentes
Barbacena,Minas Gerais
Guayana,Bolívar
Lake Charles,Luisiana
Paracatu,Minas Gerais
Kankan,Kankan
Taverny,Isla de Francia
Pingdingshan,Henan
Hattiesburg,Misisipi
Ensenada,Baja California
Natitingou,Atakora
Quartu Sant'Elena,Cerdeña
Murcia,Murcia
Cottbus,Brandenburgo
Meridian,Idaho
Natal,Río Grande del Norte
Yibuti,Yibuti
Sikasso,Sikasso
Yokkaichi,Oita
Passau,Bavaria
Boscoreale,Campania
Hereford,Inglaterra
Port Arthur,Texas
Sahuayo de José María Morelos,Michoacán
Kumba,Ouest del Sur
Bergen,Hordaland
Hagen,Renania del Norte-Westfalia
Kopeysk,Cheliábinsk
West Jordan,Utah
Safi,Dukala-Abda
Cuautitlán,México
Ueda,Nagano
Parla,Madrid
Ilorin,Kwara
Barry,Gales
Girón,Santander
Yicheng,Hubei
Shijiazhuang,Hebei
Sonderborg,Dinamarca Meridional
Mascate,Mascate
Villeneuve-sur-Lot,Aquitania-Lemosín-Poitou-Charentes
Can Tho,T?nh C?n Th?
Cumaná,Sucre
Klagenfurt,Carintia
York,Pensilvania
Sale,Inglaterra
Chalinze,Pwani
Florencia,Caquetá
Hazebrouck,Norte-Paso de Calais-Picardía
Maradi,Maradi
Garza García,Nuevo León
Pemba,Cabo Delgado
Bamberg,Bavaria
New Rochelle,Nueva York
Saint-Nazaire,Países del Loira
Massy,Isla de Francia
Puyang,Henan
Reading,Inglaterra
Oxford,Inglaterra
Antioch,California
Des Moines,Washington
Bristol,Connecticut
Maisons-Laffitte,Isla de Francia
Torcy,Isla de Francia
Denain,Norte-Paso de Calais-Picardía
Guyancourt,Isla de Francia
Chester,Inglaterra
Pistoia,Toscana
Taunton,Inglaterra
Roeselare,Flanders Occidental
Bamenda,Nord-Ouest
Arad,Arad
Beira,Sofala
Messaad,Djelfa
Bo,Meridional
Mabopane,Gauteng
Abbeville,Norte-Paso de Calais-Picardía
Salamanca,Guanajuato
Plantation,Florida
Fleury-les-Aubrais,Centro-Valle de Loira
Osmaniye,Osmaniye
Windhoek,Khomas
Licheng,Guangdong
Yanji,Jilin
Kalisz,Gran Polonia
Lippstadt,Renania del Norte-Westfalia
Goiânia,Goiás
Fiumicino,Lacio
Giyani,Limpopo
Evry,Isla de Francia
Westonaria,Gauteng
Huyton,Inglaterra
Tianguá,Ceará
Kisangani,Provincia Oriental
Grenoble,Auvernia-Ródano-Alpes
Bruges,Flanders Occidental
Flensburg,Schleswig-Holstein
Yerres,Isla de Francia
Roseville,California
Palu,Célebes Central
Spijkenisse,Holanda Meridional
Presidencia Roque Sáenz Peña,Chaco
Tirupati,Andhra Pradesh
Marsa Matruh,Matruh
Illkirch-Graffenstaden,Alsacia-Champaña-Ardenas-Lorena
Murray,Utah
Colorado Springs,Colorado
José Bonifácio,São Paulo
Manzini,Manzini
Bene Beraq,Tel Aviv
Batman,Batman
Kurashiki,Okayama
Trappes,Isla de Francia
Hachinohe,Aomori
Ezhou,Hubei
Bijie,Guizhou
Orem,Utah
Cúa,Miranda
Apucarana,Paraná
Guarapari,Espíritu Santo
Meriden,Connecticut
Uberaba,Minas Gerais
Tournefeuille,Languedoc-Rosellón-Mediodía-Pirineos
Echuca,Victoria
Bonneuil-sur-Marne,Isla de Francia
Birjand,Jorasán del Sur
Neuquén,Neuquén
Pontevedra,Galicia
Kota,Chhattisgarh
Mohammedia,Gran Casablanca
Esquina,Corrientes
Brentwood,California
Allen,Texas
Dieppe,Normandía
Yuanjiang,Hunan
Auburn,Alabama
Datong,Anhui
Catia La Mar,Vargas
Avion,Norte-Paso de Calais-Picardía
Muzaffarpur,Bihar
Haninge,Estocolmo
Gravataí,Rio Grande do Sul
Arzgir,Stávropol
Rivne,Rivne
Hoover,Alabama
Jamshedpur,Jharkhand
Bukavu,Kivu del Sur
Sakai,Ibaraki
Pilsen,Pilsen
Encinitas,California
Taytay,Calabarzón
Palmerston,Territorio del Norte
Mtwara,Mtwara
Lucerna,Lucerna
Haikou,Hainan
Norfolk,Nebraska
Sobral,Ceará
Toyohashi,Aichi
Temixco,Morelos
Ibaraki,Osaka
Zhaoyuan,Heilongjiang
Weihai,Shandong
Chatou,Isla de Francia
Irbid,Irbid
Orland Park,Illinois
Dronfield,Inglaterra
Shouguang,Shandong
Chaohu,Anhui
Zhenjiang,Jiangsu
Peterborough,Ontario
Wuxi,Jiangsu
Upper Hutt,Wellington
Srinagar,Uttarakhand
San Marcos,Texas
Durban,KwaZulu-Natal
Chaoyang,Jilin
Shkoder,Shkodër
Calama,Antofagasta
Qazvín,Qazvín
São Pedro da Aldeia,Río de Janeiro
Copiapó,Atacama
Saint Cloud,Minnesota
Sunbury,Victoria
Cabo de Santo Agostinho,Pernambuco
Chaville,Isla de Francia
Liaoyang,Liaoning
Suwon,Gyeonggi
Rolândia,Paraná
Richmond,Columbia británica
Artemisa,Artemisa
Presidente Prudente,São Paulo
Viterbo,Lacio
Bloomington,Indiana
Redding,California
Bourg-en-Bresse,Auvernia-Ródano-Alpes
Vaughan,Ontario
Gaya,Bihar
Eagan,Minnesota
Grove City,Ohio
Vitória de Santo Antão,Pernambuco
Neunkirchen,Sarre
Zabrze,Silesia
Itapecerica da Serra,São Paulo
Franklin,Wisconsin
Bron,Auvernia-Ródano-Alpes
Gravesend,Inglaterra
Saint Charles,Misuri
College Station,Texas
Potsdam,Brandenburgo
Dublín,California
Farroupilha,Rio Grande do Sul
Tanggu,Tianjin
Avadi,Tamil Nadu
Brahmapur,Odisha
Nicosia,Nicosia
Cholula,Puebla
Champaign,Illinois
Cubatão,São Paulo
Gebze,Kocaeli
Laguna Niguel,California
Harlingen,Texas
Apple Valley,Minnesota
Montebello,California
Beaumont,Texas
Nampula,Nampula
Sonipat,Haryana
Chenzhou,Hunan
Cayenne,Französisch-Guayana
Alanya,Antalya
Beirut,Beirut
Gosport,Inglaterra
Comodoro Rivadavia,Chubut
Columbia,Misuri
Yichun,Heilongjiang
Handa,Aichi
Pitesti,Arges
Drammen,Buskerud
Polatli,Ankara
Midland,Michigan
Holon,Tel Aviv
Damaturu,Yobe
Gaziemir,Izmir
Des Moines,Iowa
Piedecuesta,Santander
Pulheim,Renania del Norte-Westfalia
San Fernando del Valle de Catamarca,Catamarca
Bethlehem,Pensilvania
Freeport,Nueva York
Amasya,Amasya
Jember,Java Oriental
Da Nang,Dà Nang
Tinaquillo,Cojedes
Bragança Paulista,São Paulo
Francisco Morato,São Paulo
Aswan,Aswan
Takamatsu,Ishikawa
Lianzhou,Guangxi
Clydach,Gales
Zlatoust,Cheliábinsk
Lanester,Bretaña
Parma,Ohio
Datong,Shanxi
Pernik,Pernik
Verviers,Lieja
Xinshi,Hubei
Tamarac,Florida
Sakai,Gunma
Edmonton,Alberta
Vereeniging,Gauteng
Talence,Aquitania-Lemosín-Poitou-Charentes
Tallinn,Harjumaa
Calabozo,Guárico
Iranshahr,Sistán y Baluchistán
Mijas,Andalucía
Teziutlán,Puebla
Frontera,Tabasco
Dearborn Heights,Michigan
Whitby,Ontario
Calabar,Cross River
Shashi,Hubei
Vacaria,Rio Grande do Sul
Antsiranana,Diana
Criciúma,Santa Catarina
Mezitli,Mersin
Hampton,Virginia
Kent,Washington
Clichy,Isla de Francia
Saida,Saida
Yalova,Yalova
Outreau,Norte-Paso de Calais-Picardía
Taubaté,São Paulo
Sumaré,São Paulo
Bangui,Bangui
São Vicente,São Paulo
Oriximiná,Pará
Vorónezh,Vorónezh
League City,Texas
Jiangdu,Jiangsu
Saint-Brieuc,Bretaña
Sparks,Nevada
Breda,Brabante Septentrional
Rajshahi,Rajshahi
Takamatsu,Kagawa
Bra?ov,Bra?ov
Hengyang,Hunan
Guelph,Ontario
Gummersbach,Renania del Norte-Westfalia
Villa Alemana,Valparaíso
Bonao,Monseñor Nouel
Cergy,Isla de Francia
Abbotsford,Columbia británica
Cheshunt,Inglaterra
Sabadell,Cataluña
Charlottesville,Virginia
Aoba-ku,Kanagawa
Atlantic City,Nueva Jersey
Concord,Nuevo Hampshire
Great Falls,Montana
Neubrandenburg,Mecklemburgo-Pomerania Occidental
Rockville,Maryland
Cuyahoga Falls,Ohio
Lawrence,Indiana
Jersón,Jersón
Bagé,Rio Grande do Sul
Jhansi,Uttar Pradesh
The Colony,Texas
Tychy,Silesia
Taipei,Taipéi
Brownsville,Texas
Beykoz,Estambul
Botosani,Botosani
Xining,Qinghai
Xiangtan,Hunan
Campo Grande,Mato Grosso del Sur
Salta,Salta
Huntington Beach,California
Escondido,California
Paisley,Escocia
Cinisello Balsamo,Lombardía
Udaipur,Tripura
Lehi,Utah
Sapucaia do Sul,Rio Grande do Sul
Bilaspur,Uttar Pradesh
Tawau,Sabah
Roodepoort,Gauteng
Dewsbury,Inglaterra
Sinop,Mato Grosso
Rustenburg,Noroeste
Thanjavur,Tamil Nadu
Quetta,Baluchistán
Ústí nad Labem,Ústí nad Labem
Richmond Hill,Ontario
Koshigaya,Saitama
Linden,Demerara-Berbice Superior
Helena,Montana
Pestovo,Nóvgorod
Shelton,Connecticut
Halluin,Norte-Paso de Calais-Picardía
Garanhuns,Pernambuco
Roswell,Georgia
Baranagar,Bengala Occidental
Forst,Brandenburgo
East Kilbride,Escocia
Panipat,Haryana
Les Lilas,Isla de Francia
Sagamihara,Kanagawa
Sakai,Osaka
San Juan del Río,Querétaro
Rueil-Malmaison,Isla de Francia
Laval,Quebec
Valence,Auvernia-Ródano-Alpes
Passaic,Nueva Jersey
Huaraz,Ancash
Jinhua,Zhejiang
Columbia,Tennessee
Granollers,Cataluña
Iquitos,Loreto
Coulommiers,Isla de Francia
Settat,Chauía-Uardiga
Kadoma,Mashonalandia Occidental
Burlington,Vermont
Redondo Beach,California
Westminster,California
Envigado,Antioquía
Shrewsbury,Inglaterra
Mococa,São Paulo
Kostanái,Kostanái
Skokie,Illinois
Willich,Renania del Norte-Westfalia
Coatzacoalcos,Veracruz
Mansfield,Texas
Burnie,Tasmania
Kars,Kars
Bagnolet,Isla de Francia
Kasala,Kasala
Yushu,Jilin
Kaiserslautern,Renania-Palatinado
Savona,Liguria
Umtata,Cabo Oriental
Sialkot,Punyab
Tapachula,Chiapas
Zilina,Žilina
La Roche-sur-Yon,Países del Loira
Fontenay-sous-Bois,Isla de Francia
Barreiras,Bahía
Kassel,Hesse
Londrina,Paraná
Berck,Norte-Paso de Calais-Picardía
Chorzow,Silesia
Punta Arenas,Magallanes y Antártica Chilena
Blagoveshchensk,Bashkortostán
Richardson,Texas
Oakville,Ontario
Luohe,Henan
Dehra Dun,Uttarakhand
Ninghai,Zhejiang
Yuyao,Zhejiang
Springdale,Arkansas
Plaisir,Isla de Francia
Patrocínio,Minas Gerais
Noda,Chiba
Wafangdian,Liaoning
Cártama,Andalucía
Zhoukou,Henan
Sargodha,Punyab
Deyang,Sichuan
Hailin,Heilongjiang
Tembisa,Gauteng
Olomouc,Olomouc
Bisáu,Bisáu
Bayonne,Nueva Jersey
Kocaeli,Kocaeli
Mallawi,Menia
Tlemcen,Tlemcen
Taraz,Zhambyl
Aksu,Xinjiang Uygur
Kamarhati,Bengala Occidental
Siena,Toscana
Renqiu,Hebei
Marano di Napoli,Campania
Kirovohrad,Kirovohrad
Bielsko-Biala,Silesia
Iserlohn,Renania del Norte-Westfalia
Niagara Falls,Nueva York
Bergisch Gladbach,Renania del Norte-Westfalia
Les Herbiers,Países del Loira
Longmont,Colorado
Zhangjiakou,Hebei
Indaiatuba,São Paulo
Pueblo,Colorado
Floridablanca,Santander
Ratlam,Madhya Pradesh
Matadi,Bajo Congo
Montbrison,Auvernia-Ródano-Alpes
Cranston,Rhode Island
Manisa,Manisa
Reno,Nevada
Hillsboro,Oregón
La Chorrera,Panamá
Vesoul,Borgoña-Franco Condado
Medford,Oregón
Hamme,Flanders Oriental
Highland Park,Illinois
Niterói,Río de Janeiro
Bagamoyo,Pwani
Hebi,Henan
Agde,Languedoc-Rosellón-Mediodía-Pirineos
Kawasaki,Fukuoka
Warner Robins,Georgia
Manfredonia,Apulia
Vence,Provenza-Alpes-Costa Azul
Altoona,Pensilvania
Kindu,Maniema
Helmond,Brabante Septentrional
Matola,Maputo
Margate,Inglaterra
Norwich,Connecticut
Kaspiysk,Daguestán
Saint-Priest,Auvernia-Ródano-Alpes
Clifton,Nueva Jersey
Sindelfingen,Baden-Wurtemberg
Madison,Wisconsin
Tete,Tete
Quilmes,Buenos Aires (provincia)
Vaulx-en-Velin,Auvernia-Ródano-Alpes
Shagamu,Ogun
Urbandale,Iowa
Shaoxing,Zhejiang
Perth Amboy,Nueva Jersey
Wuxi,Hunan
Pompano Beach,Florida
Linyi,Shandong
Passos,Minas Gerais
Southampton,Inglaterra
Najafabad,Isfahán
Thionville,Alsacia-Champaña-Ardenas-Lorena
Nagaoka,Shizuoka
Livingston,Escocia
Tekirdag,Tekirdag
Montceau-les-Mines,Borgoña-Franco Condado
Molfetta,Apulia
Lins,São Paulo
Campina Grande,Paraíba
Le Pré-Saint-Gervais,Isla de Francia
Ipswich,Inglaterra
Saint-Chamond,Auvernia-Ródano-Alpes
Santiago del Estero,Santiago del Estero
Tanga,Tanga
Gela,Sicilia
Lodi,California
Paulista,Pernambuco
Kupang,Nusa Tenggara Oriental
Sogamoso,Boyacá
Northwich,Inglaterra
Rapid City,Dakota del Sur
Shangyu,Zhejiang
Varese,Lombardía
Barletta,Apulia
Moulins,Auvernia
Matsumoto,Nagano
Jiamusi,Heilongjiang
Anyang,Gyeonggi
Aksaray,Aksaray
Vitória da Conquista,Bahía
Camocim,Ceará
Makurdi,Benue
Thiais,Isla de Francia
Ancona,Marche
Gresham,Oregón
Al Mahallah al Kubra,Gharbia
Samsun,Samsun
Cavaillon,Provenza-Alpes-Costa Azul
Al Hudayda,Al Hudayda
Tournai,Henao
Kristiansand,Vest-Agder
Satna,Madhya Pradesh
Owensboro,Kentucky
Saint-Avold,Alsacia-Champaña-Ardenas-Lorena
Heze,Shandong
Wuhai,Mongolia Interior
Villeparisis,Isla de Francia
Günzburg,Bavaria
Orsay,Isla de Francia
San Luis Obispo,California
Disuq,Kafr el Sheij
Iskenderun,Hatay
Carvin,Norte-Paso de Calais-Picardía
Loum,Littoral
Danville,California
Thornton,Colorado
Belleville,Nueva Jersey
Maple Grove,Minnesota
Shushtar,Juzestán
Linhai,Zhejiang
Hamamatsu,Shizuoka
Catanduva,São Paulo
Orsha,Vitsyebsk
Quibdó,Chocó
Zhytómyr,Zhytómyr
Bisceglie,Apulia
Ras al Khaymah,Ras al-Jaima
Huambo,Huambo
Jodhpur,Guyarat
Nevsehir,Nevsehir
Annonay,Auvernia-Ródano-Alpes
Yibin,Sichuan
Shizuishan,Ningxia Hui
Ain Oussera,Djelfa
Brighton,Inglaterra
Lugoj,Timis
Hiratsuka,Kanagawa
Split,Split-Dalmacia
Karimnagar,Telangana
Castelnau-le-Lez,Languedoc-Rosellón-Mediodía-Pirineos
Río Bravo,Tamaulipas
Manteca,California
Pocatello,Idaho
San Luis,San Luis
Duitama,Boyacá
Santa Maria,California
Darlington,Inglaterra
Stolberg,Renania del Norte-Westfalia
Vallauris,Provenza-Alpes-Costa Azul
Burlington,Iowa
Hod HaSharon,Central
Modena,Emilia-Romaña
Guarujá,São Paulo
Sanford,Florida
Oyama,Tochigi
La Madeleine,Norte-Paso de Calais-Picardía
Lormont,Aquitania-Lemosín-Poitou-Charentes
Zenica,Federación de Bosnia y Herzegovina
Trebisonda,Trebisonda
Logan,Utah
Tremblay-en-France,Isla de Francia
Prato,Toscana
Uberlândia,Minas Gerais
Thomasville,Carolina del Norte
Burbank,California
Piatra-Neamt,Neamt
Porlamar,Nueva Esparta
Acayucan,Veracruz
Paraparaumu,Wellington
Macheng,Hubei
Crotone,Calabria
Guelma,Guelma
Siedlce,Mazovia
Eggenstein-Leopoldshafen,Baden-Wurtemberg
Bugía,Bugía
Annecy-le-Vieux,Auvernia-Ródano-Alpes
Ambon,Maluku
Manacapuru,Amazonas
Concord,California
Timaru,Canterbury
Sheboygan,Wisconsin
Kidderminster,Inglaterra
Matehuala,San Luis Potosí
Ouidah,Departamento Atlántico
Jingmen,Hubei
Baden-Baden,Baden-Wurtemberg
Saint-Gratien,Isla de Francia
Tarsus,Mersin
Enschede,Overijssel
Nysa,Opole
Chengjiang,Jiangsu
San Angelo,Texas
Xiangfan,Hubei
Rheine,Renania del Norte-Westfalia
Rochefort,Aquitania-Lemosín-Poitou-Charentes
Maastricht,Limburgo
Faenza,Emilia-Romaña
Ziguinchor,Ziguinchor
Haguenau,Alsacia-Champaña-Ardenas-Lorena
Jiaohe,Jilin
Gladstone,Misuri
Huzhou,Zhejiang
Modesto,California
Lancaster,California
Afyon,Afyonkarahisar
Chilly-Mazarin,Isla de Francia
Centurion,Gauteng
Summerville,Carolina del Sur
Cary,Carolina del Norte
Gap,Provenza-Alpes-Costa Azul
Mentor,Ohio
Santa Helena,Marañón
Marion,Iowa
Weimar,Turingia
Kaiyuan,Yunnan
Çanakkale,Çanakkale
Bury,Inglaterra
Burnaby,Columbia británica
Diyarbakir,Diyarbakir
Xingtai,Hebei
Chioggia,Véneto
Uvinza,Kigoma
Warwick,Rhode Island
Aix-les-Bains,Auvernia-Ródano-Alpes
Lancaster,Pensilvania
Gandia,Valenciana
Gliwice,Silesia
West Allis,Wisconsin
Huddinge,Estocolmo
Yuma,Arizona
Silivri,Estambul
Woking,Inglaterra
Hamilton,Ohio
Bratsk,Irkutsk
Sallanches,Auvernia-Ródano-Alpes
Nguigmi,Diffa
Asiut,Asiut
Gy?r,Gy?r
Baraki,Tipaza
Divinópolis,Minas Gerais
Randfontein,Gauteng
Quanzhou,Fujian
Sioux Falls,Dakota del Sur
Stockport,Inglaterra
Goussainville,Isla de Francia
Greifswald,Mecklemburgo-Pomerania Occidental
Goulburn,Nueva Gales del Sur
Lajeado,Rio Grande do Sul
New Brunswick,Nueva Jersey
Chapel Allerton,Inglaterra
Massa,Toscana
Jurema,Pernambuco
Kawagoe,Saitama
Mataram,Nusatenggara Occidental
Nakuru,Gran Valle del Rift
Blois,Centro-Valle de Loira
Bouake,Vallée du Bandama
Barneveld,Güeldres
Epworth,Harare
Kalundborg,Selandia
Cumbernauld,Escocia
Morogoro,Morogoro
El Tigre,Anzoátegui
Jinja,Jinja
Malatya,Malatya
Kure,Hiroshima
San Antonio,Valparaíso
Halesowen,Inglaterra
Lorient,Bretaña
Sousa,Paraíba
Oleksandriya,Kirovohrad
Dole,Borgoña-Franco Condado
Galway,Galway
Concarneau,Bretaña
Bergen op Zoom,Brabante Septentrional
Shahjahanpur,Uttar Pradesh
Choisy-le-Roi,Isla de Francia
Orihuela,Valenciana
Barika,Batna
La Crau,Provenza-Alpes-Costa Azul
Stralsund,Mecklemburgo-Pomerania Occidental
Cottage Grove,Minnesota
Nizamabad,Telangana
High Wycombe,Inglaterra
Saint-Pol-sur-Mer,Norte-Paso de Calais-Picardía
Parakou,Borgou
Gagny,Isla de Francia
Salavat,Bashkortostán
Hilden,Renania del Norte-Westfalia
Palo Negro,Aragua
Melun,Isla de Francia
Elbasan,Elbasan
Lons-le-Saunier,Borgoña-Franco Condado
Barddhaman,Bengala Occidental
Blanquefort,Aquitania-Lemosín-Poitou-Charentes
Arcoverde,Pernambuco
Kenner,Luisiana
Bowling Green,Ohio
Eau Claire,Wisconsin
Southport,Inglaterra
Ramat Gan,Tel Aviv
Voiron,Auvernia-Ródano-Alpes
Toamasina,Atsinanana
Jaú,São Paulo
Dartmouth,Nueva Escocia
Segovia,Castilla y León
Benidorm,Valenciana
Líbano,Tennessee
Boise,Idaho
Villiers-le-Bel,Isla de Francia
Maubeuge,Norte-Paso de Calais-Picardía
Chico,California
Wheeling,Illinois
Penglai,Shandong
Vittoria,Sicilia
Idfu,Aswan
Fuzhou,Fujian
Bandar-e Anzali,Guilán
Salinas,California
Gulbarga,Karnataka
Montfermeil,Isla de Francia
Neu-Ulm,Bavaria
Toledo,Paraná
Westland,Michigan
Chimoio,Manica
Adiyaman,Adiyaman
Jayapura,Papua
Den Helder,Holanda Septentrional
Waiblingen,Baden-Wurtemberg
Amstelveen,Holanda Septentrional
Catalão,Goiás
Xiantao,Hubei
Abilene,Texas
Mount Pleasant,Carolina del Sur
Langfang,Hebei
Anshun,Guizhou
Barretos,São Paulo
Guatire,Miranda
Shuangcheng,Heilongjiang
Andover,Massachusetts
Odivelas,Lisboa
West Palm Beach,Florida
Rubí,Cataluña
Samarra,Saladino
Salon-de-Provence,Provenza-Alpes-Costa Azul
San Ignacio,Distrito de Cayo
Moshi,Kilimanjaro
Wetter (Ruhr),Renania del Norte-Westfalia
Santa Cruz do Sul,Rio Grande do Sul
Clacton-on-Sea,Inglaterra
Garland,Texas
Milford,Connecticut
Koidu,Oriental
Macon,Georgia
Fort Portal,Kabarole
Foshan,Guangdong
Revere,Massachusetts
Rochester Hills,Michigan
Ermont,Isla de Francia
Bullhead City,Arizona
Tuscaloosa,Alabama
Akure,Ondo
Tulle,Aquitania-Lemosín-Poitou-Charentes
Guatemala City,Guatemala
Huixquilucan,México
Tongliao,Mongolia Interior
Leshan,Sichuan
Edmond,Oklahoma
Behbahan,Juzestán
Kasugai,Aichi
Korla,Xinjiang Uygur
Santos,São Paulo
Woodbury,Minnesota
Caraguatatuba,São Paulo
Leoben,Stiria
Jalna,Maharashtra
Chiclayo,Lambayeque
Kandahar,Kandahar
Loveland,Colorado
Apartadó,Antioquía
Taboão da Serra,São Paulo
Citrus Heights,California
Caluire-et-Cuire,Auvernia-Ródano-Alpes
Majadahonda,Madrid
Delmenhorst,Baja Sajonia
Xuanhua,Hebei
Palmares,Pernambuco
Bento Gonçalves,Rio Grande do Sul
Tumkur,Karnataka
Tripoli,Líbano del Norte
Issoire,Auvernia
Araraquara,São Paulo
Cuxhaven,Baja Sajonia
Mariupol,Donetsk
Hisar,Haryana
Lawton,Oklahoma
Uvira,Kivu del Sur
Hot Springs,Arkansas
Pingxiang,Jiangxi
Suizhou,Hubei
Coudekerque-Branche,Norte-Paso de Calais-Picardía
Ube,Yamaguchi
Buffalo Grove,Illinois
Trani,Apulia
Plaisance-du-Touch,Languedoc-Rosellón-Mediodía-Pirineos
Erechim,Rio Grande do Sul
Khasavyurt,Daguestán
Taylor,Michigan
Ilam,Ilam
Cassilândia,Mato Grosso del Sur
Boca Raton,Florida
Holland,Michigan
Yamoussoukro,Lacs
Suining,Sichuan
Bergerac,Aquitania-Lemosín-Poitou-Charentes
Poitiers,Aquitania-Lemosín-Poitou-Charentes
La Porte,Texas
Al Amarah,Mesena
Vilhena,Rondônia
Oxnard,California
Gorzow Wielkopolski,Lubusz
Aydin,Aydin
Zielona Gora,Lubusz
Chatham,Inglaterra
Paramaribo,Paramaribo
Shahreza,Isfahán
Bauchi,Bauchi
Ludwigsburg,Baden-Wurtemberg
Riberalta,El Beni
Maroua,Extreme-Nord
Quevedo,Los Ríos
Stockton,California
Albertville,Auvernia-Ródano-Alpes
Sosnowiec,Silesia
Cheonan,Chungcheong del Sur
Lagny-sur-Marne,Isla de Francia
Temecula,California
Qena,Qina
Woonsocket,Rhode Island
Terneuzen,Zelanda
Pickering,Ontario
Meizhou,Guangdong
Liubliana,Liubliana
Waukesha,Wisconsin
Hamilton,Ontario
Gulfport,Misisipi
Woodstock,Illinois
Renton,Washington
Getxo,País Vasco
Yiyang,Hunan
Polatsk,Vitsyebsk
Ferndown,Inglaterra
Xinxiang,Henan
Guiping,Guangxi
Avon,Isla de Francia
Agen,Aquitania-Lemosín-Poitou-Charentes
Babol,Mazandarán
Bad Waldsee,Baden-Wurtemberg
Berdyans'k,Zaporiyia
Crato,Ceará
Marl,Renania del Norte-Westfalia
Inegol,Bursa
South Shields,Inglaterra
Saint-Cloud,Isla de Francia
Neuwied,Renania-Palatinado
Houilles,Isla de Francia
Zinder,Zinder
Gravatá,Pernambuco
Yantai,Shandong
Stevenage,Inglaterra
Delicias,Chihuahua
Oullins,Auvernia-Ródano-Alpes
Villavicencio,Meta
Ragusa,Sicilia
Eskilstuna,Södermanland
Amersfoort,Utrecht
Guimarães,Braga
Saint-Louis,Alsacia-Champaña-Ardenas-Lorena
Pato Branco,Paraná
Bastia,Corse
Stourbridge,Inglaterra
Ciénaga,Magdalena
Valenciennes,Norte-Paso de Calais-Picardía
Dax,Aquitania-Lemosín-Poitou-Charentes
Mâcon,Borgoña-Franco Condado
Chipata,Oriental
Barcelona,Anzoátegui
Mau,Uttar Pradesh
Fernando de la Mora,Central
Huaihua,Hunan
Wuzhou,Guangxi
Karliova,Bingöl
Civitavecchia,Lacio
Molina de Segura,Murcia
Delray Beach,Florida
Floriano,Piauí
Caserta,Campania
Murrieta,California
Cadereyta,Nuevo León
Les Pennes-Mirabeau,Provenza-Alpes-Costa Azul
Guarenas,Miranda
Roman,Neamt
Feira,Aveiro
San Salvador de Jujuy,Jujuy
Roosendaal,Brabante Septentrional
Franco da Rocha,São Paulo
Pila,Gran Polonia
Borken,Renania del Norte-Westfalia
Halmstad,Halland
Palhoça,Santa Catarina
Anantapur,Andhra Pradesh
Igdir,Igdir
Várzea Grande,Mato Grosso
Osny,Isla de Francia
Andradina,São Paulo
Gaomi,Shandong
Pekalongan,Java Central
Sartrouville,Isla de Francia
Loos,Norte-Paso de Calais-Picardía
Clovis,Nuevo México
Santa Rosa,La Pampa
Ipatinga,Minas Gerais
Camarillo,California
Rock Hill,Carolina del Sur
Cedar Rapids,Iowa
Uithoorn,Holanda Septentrional
Saqqez,Kurdistán
Montargis,Centro-Valle de Loira
Mau,Madhya Pradesh
Oktyabr'skiy,Bashkortostán
Torbali,Izmir
Brantford,Ontario
Nijmegen,Güeldres
Cuenca,Castilla-La Mancha
Ontario,California
Acámbaro,Guanajuato
Drobeta-Turnu Severin,Mehedinti
Silopi,Sirnak
Dubuque,Iowa
Marysville,Washington
Saint-Louis,Saint-Louis
Tahta,Suhaj
Balmazujvaros,Hajdú-Bihar
Peoria,Illinois
Saint Petersburg,Florida
Tongi,Daca
Paço do Lumiar,Marañón
Millau,Languedoc-Rosellón-Mediodía-Pirineos
Charallave,Miranda
Gaborone,Sudeste
Brikama,Occidental
Ris-Orangis,Isla de Francia
Coppell,Texas
Royal Oak,Michigan
Fargo,Dakota del Norte
Guamúchil,Sinaloa
Harlow,Inglaterra
Elyria,Ohio
Carapicuíba,São Paulo
La Rioja,La Rioja
Longueuil,Quebec
Zwedru,Grand Gedeh
Anyang,Henan
Cidade Ocidental,Goiás
Norman,Oklahoma
Villeneuve-la-Garenne,Isla de Francia
Rottingdean,Inglaterra
Ludwigsfelde,Brandenburgo
Oss,Brabante Septentrional
Barranca,Lima
Binzhou,Heilongjiang
Homestead,Florida
Iringa,Iringa
Bryan,Texas
Takasaki,Gunma
Stains,Isla de Francia
Whittier,California
Shihezi,Xinjiang Uygur
Dunstable,Inglaterra
Talara,Piura
Gorgan,Golestán
Yokkaichi,Mie
Borazjan,Bushehr
Cangzhou,Hebei
Rafsanjan,Kerman
Sliven,Sliven
Ar Raqa,Ar Raqa
Cuneo,Piamonte
Arlington Heights,Illinois
Jizzakh,Jizzakh
Marlborough,Massachusetts
San José de Guanipa,Anzoátegui
Chiclana de la Frontera,Andalucía
Bozeman,Montana
Buca,Izmir
Bata,Litoral
Usak,Usak
Tokat,Tokat
Santa Fe,Nuevo México
Be'er Sheva,Meridional
Grand Island,Nebraska
Halifax,Nueva Escocia
Bolu,Bolu
Vanadzor,Lori
Chevilly-Larue,Isla de Francia
Coari,Amazonas
Mutare,Manicalandia
Semnán,Semnán
Pietermaritzburg,KwaZulu-Natal
Itamaraju,Bahía
Treviglio,Lombardía
Oradea,Bihor
Greenwood,Indiana
Cape Coast,Central
Senhor do Bonfim,Bahía
La Ciotat,Provenza-Alpes-Costa Azul
Mufulira,Copperbelt
Ariquemes,Rondônia
Isparta,Isparta
Modica,Sicilia
Birobidzhan,Yevrey
Rize,Rize
Ann Arbor,Michigan
North Miami,Florida
Berrechid,Chauía-Uardiga
Tanta,Gharbia
Umraniye,Estambul
Poços de Caldas,Minas Gerais
Rancho Cucamonga,California
Shahriar,Teherán
Mason,Ohio
Igurusi,Mbeya
Reading,Pensilvania
Deva,Hunedoara
Gusau,Zamfara
Baqubah,Diala
Fort Collins,Colorado
Guildford,Inglaterra
Tatuí,São Paulo
Briton Ferry,Gales
Nuneaton,Inglaterra
Osh,Osh
Kiziltepe,Mardin
Kuwait City,Al Asimah
Nal'chik,Kabardia-Balkaria
San Clemente,California
Zhangzhou,Fujian
Melitopol,Zaporiyia
Cherbourg-Octeville,Normandía
Al Khums,Al Marqab
Khemisset,Rabat-Salé-Zemur-Zaer
Girga,Suhaj
Mérida,Mérida
Lichinga,Niassa
Camaragibe,Pernambuco
Stakhanov,Lugansk
Mauguio,Languedoc-Rosellón-Mediodía-Pirineos
Warrnambool,Victoria
Changshu,Jiangsu
Twin Falls,Idaho
Beipiao,Liaoning
Auburn,Washington
Appleton,Wisconsin
Casoria,Campania
South Bend,Indiana
Bracknell,Inglaterra
Facatativá,Cundinamarca
Stadtlohn,Renania del Norte-Westfalia
Rosenheim,Bavaria
Jamestown,Nueva York
Billings,Montana
Cox’s B?z?r,Chittagong
Itapeva,São Paulo
Damanhur,Al Buhayrah
Murray,Kentucky
Oak Park,Michigan
Zaoyang,Hubei
Whakatane,Bay of Plenty
Missouri City,Texas
Draper,Utah
Musoma,Mara
Allauch,Provenza-Alpes-Costa Azul
Teramo,Abruzos
Upplands Väsby,Estocolmo
Carol Stream,Illinois
Deltona,Florida
Gyula,Békés
Conroe,Texas
Louviers,Normandía
Cercola,Campania
Kirkwood,Misuri
Luanshya,Copperbelt
Thousand Oaks,California
Dartford,Inglaterra
Coachella,California
San Mateo,California
Visalia,California
Tsukuba,Ibaraki
Shumen,Shumen
Sorriso,Mato Grosso
Yongchuan,Chongqing
La Pintana,Santiago de Chile
Jiaxing,Zhejiang
Tinley Park,Illinois
North Charleston,Carolina del Sur
Rizhao,Shandong
Danville,Illinois
Ordu,Ordu
San Pedro,Calabarzón
Kita-ku,Osaka
Lubango,Huila
Dzhezkazgan,Karagandá
Ghaziabad,Uttar Pradesh
Independence,Misuri
Kortrijk,Flanders Occidental
Taldyqorghan,Almaty
Bharatpur,Rajastán
Kawaguchi,Chiba
Stafford,Inglaterra
Suceava,Suceava
Romeoville,Illinois
Yuncheng,Shanxi
Toliara,Atsimo-Andrefana
Ormond Beach,Florida
Bingöl,Bingöl
Hadera,Haifa
Focsani,Vrancea
Kazerun,Fars
Barra do Piraí,Río de Janeiro
Hardenberg,Overijssel
Junín,Buenos Aires (provincia)
Phuntsholing,Chukha
Canton,Michigan
New Delhi,Delhi
Latur,Maharashtra
Pazardzhik,Pazardzhik
Sanming,Fujian
San Carlos del Zulia,Zulia
Holyoke,Massachusetts
Bhilwara,Rajastán
Park Ridge,Illinois
Laurel,Maryland
Villeneuve-Saint-Georges,Isla de Francia
Moorhead,Minnesota
Piotrkow Trybunalski,Lodz
El Cajon,California
Koumra,Mandoul
Javanrud,Kermanshah
Torbat-e Heydariyeh,Jorasán Razaví
Jingdezhen,Jiangxi
Kara,Kara
Cambrai,Norte-Paso de Calais-Picardía
Chula Vista,California
Buriticupu,Marañón
Czestochowa,Silesia
Cedar Hill,Texas
Fulda,Hesse
Cubuk,Ankara
Boksburg,Gauteng
Karaman,Karaman
Las Cruces,Nuevo México
Roseville,Michigan
East Orange,Nueva Jersey
Ponteareas,Galicia
Bellingham,Washington
New Castle,Indiana
Grapevine,Texas
Gombe,Gombe
Gatineau,Quebec
Sapele,Delta
Sorgues,Provenza-Alpes-Costa Azul
Aalen,Baden-Wurtemberg
Battipaglia,Campania
Mbinga,Ruvuma
San Severo,Apulia
Leiden,Holanda Meridional
Andria,Apulia
Guelmim,Guelmim-Esmara
Cambé,Paraná
Pasto,Nariño
Elbeuf,Normandía
Bitonto,Apulia
Belgrade,Serbia Central
Riom,Auvernia
Jastrzebie Zdroj,Silesia
Buyukcekmece,Estambul
Springs,Gauteng
Sidi Bel Abbes,Sidi Bel Abbes
La Chapelle-sur-Erdre,Países del Loira
Guanare,Portuguesa
Waterloo,Iowa
Midyat,Mardin
Dar Chioukh,Djelfa
Cruzeiro do Sul,Acre
Arrentela,Setúbal
Pinsk,Brest
Ibb,Ibb
Ulundi,KwaZulu-Natal
Mouscron,Henao
Stara Zagora,Stara Zagora
Zabol,Sistán y Baluchistán
Chigasaki,Kanagawa
Katsushika-ku,Tokio
El Aaiún,El Aaiún
Neyshabur,Jorasán Razaví
Juliaca,Puno
Tartu,Tartu
Seropédica,Río de Janeiro
Braga,Braga
Burlington,Ontario
Moissy-Cramayel,Isla de Francia
Montería,Córdoba
Deer Park,Texas
Qidong,Jiangsu
Commerce City,Colorado
Aberdeen,Dakota del Sur
Libourne,Aquitania-Lemosín-Poitou-Charentes
Liaoyuan,Jilin
Huangshi,Hubei
Wendeng,Shandong
Coon Rapids,Minnesota
Bafra,Samsun
Zhuzhou,Hunan
Shimoga,Karnataka
Texarkana,Arkansas
Cambridge,Waikato
Gujrat,Punyab
Pearland,Texas
Yao,Osaka
Detmold,Renania del Norte-Westfalia
Vanderbijlpark,Gauteng
Mount Pleasant,Michigan
Saint Peters,Misuri
Hengelo,Overijssel
Kissimmee,Florida
Bitola,Bitola
St. John's,Terranova
Samobor,Zagrebacka
Tongzhou,Pekín
Daloa,Haut-Sassandra
Myslowice,Silesia
Ashqelon,Meridional
Bistrita,Bistrita-Nasaud
Samalut,Menia
Fujisawa,Kanagawa
Elkhart,Indiana
Botshabelo,Estado Libre
Duzce,Düzce
Korhogo,Savanes
Stanger,KwaZulu-Natal
Farmington,Nuevo México
Davis,California
Linden,Nueva Jersey
Shangzhi,Heilongjiang
Peer,Limburgo
Amagasaki,Hyogo
El Escorial,Madrid
Woodstock,Georgia
Missoula,Montana
Contagem,Minas Gerais
Sète,Languedoc-Rosellón-Mediodía-Pirineos
Takestan,Qazvín
Benoni,Gauteng
Lindenhurst,Nueva York
Gonesse,Isla de Francia
Rondonópolis,Mato Grosso
Pingnan,Guangxi
Campo Limpo Paulista,São Paulo
Tottori,Tottori
Limbe,Ouest del Sur
Senlis,Norte-Paso de Calais-Picardía
Asti,Piamonte
Yucaipa,California
Volksrust,Mpumalanga
Pico Rivera,California
Liuyang,Hunan
Urganch,Khorezm
Anglet,Aquitania-Lemosín-Poitou-Charentes
Tongling,Anhui
Nashua,Nuevo Hampshire
Pinar del Río,Pinar del Río
